,Gender,Married,Dependents,Education,Self_Employed,ApplicantIncome,CoapplicantIncome,LoanAmount,Loan_Amount_Term,Credit_History,Loan_Status,TotalIncome,EMI_Income_Ratio,Log_ApplicantIncome,Log_CoapplicantIncome,Log_LoanAmount,Log_TotalIncome,Has_Coapplicant,HighLoan,Area_Rural,Area_Semiurban,Area_Urban
0,1,0,0,1,0,5849.0,0.0,128.0,360.0,1.0,1,5849.0,0.060789118747744154,8.674196940225903,0.0,4.859812404361672,8.674196940225903,0,0,0,0,1
1,1,1,1,1,0,4583.0,1508.0,128.0,360.0,1.0,0,6091.0,0.05837392145059195,8.430327258394575,7.319202458767849,4.859812404361672,8.714731714015052,1,0,1,0,0
2,1,1,0,1,1,3000.0,0.0,66.0,360.0,1.0,1,3000.0,0.06111111111111111,8.006700845440367,0.0,4.204692619390966,8.006700845440367,0,0,0,0,1
3,1,1,0,0,0,2583.0,2358.0,120.0,360.0,1.0,1,4941.0,0.06746272684341902,7.857093864902493,7.765993079407675,4.795790545596741,8.505525386548555,1,0,0,0,1
4,1,0,0,1,0,6000.0,0.0,141.0,360.0,1.0,1,6000.0,0.06527777777777778,8.699681400989514,0.0,4.955827057601261,8.699681400989514,0,1,0,0,1
5,1,1,2,1,1,5417.0,4196.0,261.5,360.0,1.0,1,9613.0,0.07556318411410475,8.59748202264504,8.34212526333359,5.570251082031678,9.170975648453906,1,1,0,0,1
6,1,1,0,0,0,2333.0,1516.0,95.0,360.0,1.0,1,3849.0,0.06856037643255103,7.755338812846501,7.324489979348532,4.564348191467836,8.25582842728183,1,0,0,0,1
7,1,1,3,1,0,3036.0,2504.0,158.0,360.0,0.0,0,5540.0,0.07922182109907741,8.01862546504575,7.826044013518965,5.0689042022202315,8.61993026886735,1,1,0,1,0
8,1,1,2,1,0,4006.0,1526.0,168.0,360.0,1.0,1,5532.0,0.08435767654856592,8.295798110636145,7.3310603052186325,5.1298987149230735,8.618485442898109,1,1,0,0,1
9,1,1,1,1,0,10171.25,5743.125,261.5,360.0,1.0,0,15914.375,0.04564356997298913,9.227418703510933,8.655932872329714,5.570251082031678,9.675040902115319,1,1,0,1,0
10,1,1,2,1,0,3200.0,700.0,70.0,360.0,1.0,1,3900.0,0.04985754985754986,8.071218539969863,6.55250788703459,4.2626798770413155,8.268988209506656,1,0,0,0,1
11,1,1,2,1,0,2500.0,1840.0,109.0,360.0,1.0,1,4340.0,0.06976446492575525,7.824445930877619,7.518064181233078,4.700480365792417,8.375860015299594,1,0,0,0,1
12,1,1,2,1,0,3073.0,5743.125,200.0,360.0,1.0,1,8816.125,0.06301584375851699,8.03073492409854,8.655932872329714,5.303304908059076,9.084451132144295,1,1,0,0,1
13,1,0,0,1,0,1853.0,2840.0,114.0,360.0,1.0,0,4693.0,0.06747638326585695,7.5251007461258,7.951911381854188,4.74493212836325,8.454040376410969,1,0,1,0,0
14,1,1,2,1,0,1299.0,1086.0,17.0,120.0,1.0,1,2385.0,0.0593990216631726,7.170119543449628,6.99117688712121,2.8903717578961645,7.777373602657861,1,0,0,0,1
15,1,0,0,1,0,4950.0,0.0,125.0,360.0,1.0,1,4950.0,0.07014590347923681,8.507344855361422,0.0,4.836281906951478,8.507344855361422,0,0,0,0,1
16,1,0,1,0,0,3596.0,0.0,100.0,240.0,1.0,1,3596.0,0.11586948461253245,8.187855443695623,0.0,4.61512051684126,8.187855443695623,0,0,0,0,1
17,0,0,0,1,0,3510.0,0.0,76.0,360.0,0.0,0,3510.0,0.06014561570117126,8.163656176168432,0.0,4.343805421853684,8.163656176168432,0,0,0,0,1
18,1,1,0,0,0,4887.0,0.0,133.0,360.0,1.0,0,4887.0,0.07559738990064344,8.494538500851432,0.0,4.897839799950911,8.494538500851432,0,1,1,0,0
19,1,1,0,1,0,2600.0,3500.0,115.0,360.0,1.0,1,6100.0,0.052367941712204005,7.8636512654486515,8.160803920954665,4.7535901911063645,8.716207971151853,1,0,0,0,1
20,1,1,0,0,0,7660.0,0.0,104.0,360.0,0.0,0,7660.0,0.037713954163040325,8.94389780251682,0.0,4.653960350157523,8.94389780251682,0,0,0,0,1
21,1,1,1,1,0,5955.0,5625.0,261.5,360.0,1.0,1,11580.0,0.06272788332373824,8.6921543938039,8.635153989049803,5.570251082031678,9.357121103184378,1,1,0,0,1
22,1,1,0,0,0,2600.0,1911.0,116.0,360.0,0.0,0,4511.0,0.07143033079632503,7.8636512654486515,7.555905093611346,4.762173934797756,8.414495793177895,1,0,0,1,0
23,1,1,2,0,0,3365.0,1917.0,112.0,360.0,0.0,0,5282.0,0.05890024822247465,8.121480374750751,7.559038255443384,4.727387818712341,8.572249397164315,1,0,1,0,0
24,1,1,1,1,0,3717.0,2925.0,151.0,360.0,1.0,0,6642.0,0.0631503228612533,8.220941168281389,7.98139158158007,5.0238805208462765,8.80131894766524,1,1,0,1,0
25,1,1,0,1,1,9560.0,0.0,191.0,360.0,1.0,1,9560.0,0.055497443049744306,9.165447603085447,0.0,5.2574953720277815,9.165447603085447,0,1,0,1,0
26,1,1,0,1,0,2799.0,2253.0,122.0,360.0,1.0,1,5052.0,0.06708014427729392,7.937374696163295,7.720461694599722,4.812184355372417,8.527737405291909,1,0,0,1,0
27,1,1,2,0,0,4226.0,1040.0,110.0,360.0,1.0,1,5266.0,0.05802422247541883,8.34924780056679,6.947937068614969,4.709530201312334,8.569216219483389,1,0,0,0,1
28,1,0,0,0,0,1442.0,0.0,35.0,360.0,1.0,0,1442.0,0.0674217907227616,7.274479558773871,0.0,3.58351893845611,7.274479558773871,0,0,0,0,1
29,0,0,2,1,0,3750.0,2083.0,120.0,360.0,1.0,1,5833.0,0.05714612263557917,8.229777750081887,7.642044402873258,4.795790545596741,8.671458150427666,1,0,0,1,0
30,1,1,1,1,0,4166.0,3369.0,201.0,360.0,1.0,0,7535.0,0.07409865074098651,8.334951631422454,8.122668023346407,5.308267697401205,8.927446816256198,1,1,0,0,1
31,1,0,0,1,0,3167.0,0.0,74.0,360.0,1.0,0,3167.0,0.06490544854927552,8.060855752934316,0.0,4.31748811353631,8.060855752934316,0,0,0,0,1
32,1,0,1,1,1,4692.0,0.0,106.0,360.0,1.0,0,4692.0,0.0627545704272047,8.453827315794417,0.0,4.672828834461906,8.453827315794417,0,0,1,0,0
33,1,1,0,1,0,3500.0,1667.0,114.0,360.0,1.0,1,5167.0,0.06128636862137927,8.160803920954665,7.419380582918692,4.74493212836325,8.550241045462437,1,0,0,1,0
34,1,0,3,1,0,10171.25,3000.0,261.5,360.0,1.0,0,13171.25,0.05514957873314142,9.227418703510933,8.006700845440367,5.570251082031678,9.485867622969955,1,1,1,0,0
35,1,1,0,1,0,2275.0,2067.0,128.0,360.0,1.0,1,4342.0,0.08188750703720764,7.730174795246222,7.63433723562832,4.859812404361672,8.376320632534823,1,0,0,0,1
36,1,1,0,1,0,1828.0,1330.0,100.0,360.0,0.0,0,3158.0,0.0879600309619309,7.511524648390866,7.193685818395112,4.61512051684126,8.058010800802085,1,0,0,0,1
37,0,1,0,1,0,3667.0,1459.0,144.0,360.0,1.0,1,5126.0,0.07803355442840422,8.207401833376355,7.286191714702382,4.976733742420574,8.5422759717837,1,1,0,1,0
38,1,0,0,1,0,4166.0,5743.125,184.0,360.0,1.0,1,9909.125,0.05157984293377176,8.334951631422454,8.655932872329714,5.220355825078324,9.201312240766178,1,1,0,0,1
39,1,0,0,0,0,3748.0,1668.0,110.0,360.0,1.0,1,5416.0,0.056417200065649105,8.229244416735913,7.419979923661835,4.709530201312334,8.597297435657898,1,0,0,1,0
40,1,0,0,1,0,3600.0,0.0,80.0,360.0,1.0,0,3600.0,0.06172839506172839,8.188966863648876,0.0,4.394449154672439,8.188966863648876,0,0,0,0,1
41,1,0,0,1,0,1800.0,1213.0,47.0,360.0,1.0,1,3013.0,0.04333075192683557,7.496097345175956,7.101675971619444,3.871201010907891,8.01102337918644,1,0,0,0,1
42,1,1,0,1,0,2400.0,0.0,75.0,360.0,1.0,1,2400.0,0.08680555555555555,7.783640596221253,0.0,4.330733340286331,7.783640596221253,0,0,0,0,1
43,1,1,0,1,0,3941.0,2336.0,134.0,360.0,1.0,1,6277.0,0.05929938222434638,8.279443487712665,7.756623334538858,4.90527477843843,8.744806737401898,1,1,0,1,0
44,1,1,0,0,1,4695.0,0.0,96.0,360.0,1.0,1,4695.0,0.05679801206957757,8.454466361507933,0.0,4.574710978503383,8.454466361507933,0,0,0,0,1
45,0,0,0,1,0,3410.0,0.0,88.0,360.0,1.0,1,3410.0,0.07168458781362007,8.134760782418645,0.0,4.48863636973214,8.134760782418645,0,0,0,0,1
46,1,1,1,1,0,5649.0,0.0,44.0,360.0,1.0,1,5649.0,0.02163608111563502,8.639410824140487,0.0,3.8066624897703196,8.639410824140487,0,0,0,0,1
47,1,1,0,1,0,5821.0,0.0,144.0,360.0,1.0,1,5821.0,0.0687167153410067,8.669399124305569,0.0,4.976733742420574,8.669399124305569,0,1,0,0,1
48,0,1,0,1,0,2645.0,3440.0,120.0,360.0,0.0,0,6085.0,0.054779512462339086,7.880804344674901,8.14351740579748,4.795790545596741,8.713746330456916,1,0,0,0,1
49,0,0,0,1,0,4000.0,2275.0,144.0,360.0,1.0,1,6275.0,0.06374501992031872,8.294299608857235,7.730174795246222,4.976733742420574,8.744488113852924,1,1,0,1,0
50,0,1,0,0,0,1928.0,1644.0,100.0,360.0,1.0,1,3572.0,0.07776533532412591,7.564757012905729,7.405495663199472,4.61512051684126,8.181160858023409,1,0,0,1,0
51,0,0,0,1,0,3086.0,0.0,120.0,360.0,1.0,1,3086.0,0.10801468999783971,8.034955024502159,0.0,4.795790545596741,8.034955024502159,0,0,0,1,0
52,0,0,0,1,0,4230.0,0.0,112.0,360.0,1.0,0,4230.0,0.07354872603099553,8.350193650720067,0.0,4.727387818712341,8.350193650720067,0,0,0,1,0
53,1,1,2,1,0,4616.0,0.0,134.0,360.0,1.0,0,4616.0,0.08063739649528211,8.43750042250699,0.0,4.90527477843843,8.43750042250699,0,1,0,0,1
54,0,1,1,1,1,10171.25,0.0,261.5,360.0,0.0,0,10171.25,0.07141589174279354,9.227418703510933,0.0,5.570251082031678,9.227418703510933,0,1,0,0,1
55,1,1,2,1,0,2708.0,1167.0,97.0,360.0,1.0,1,3875.0,0.06953405017921147,7.904334842085095,7.0630481633881725,4.584967478670572,8.262558973010657,1,0,0,1,0
56,1,1,0,1,0,2132.0,1591.0,96.0,360.0,1.0,1,3723.0,0.07162682424568001,7.665284718471351,7.3727463664043285,4.574710978503383,8.222553638396958,1,0,0,1,0
57,1,1,0,1,0,3366.0,2200.0,135.0,360.0,1.0,0,5566.0,0.06737333812432626,8.121777419161074,7.696667081526462,4.912654885736052,8.624611588183507,1,1,1,0,0
58,1,1,1,1,0,8080.0,2250.0,180.0,360.0,1.0,1,10330.0,0.0484027105517909,8.997270906233448,7.719129840906732,5.198497031265826,9.242904362849446,1,1,0,0,1
59,1,1,2,0,0,3357.0,2859.0,144.0,360.0,1.0,1,6216.0,0.06435006435006435,8.119100837637486,7.958576903813898,4.976733742420574,8.735042754269337,1,1,0,0,1
60,1,1,0,1,0,2500.0,3796.0,120.0,360.0,1.0,1,6296.0,0.0529436679373147,7.824445930877619,8.241966560231802,4.795790545596741,8.747828608488742,1,0,0,0,1
61,1,1,3,1,0,3029.0,0.0,99.0,360.0,1.0,1,3029.0,0.09078903928689336,8.016317898503415,0.0,4.605170185988092,8.016317898503415,0,0,0,0,1
62,1,1,0,0,1,2609.0,3449.0,165.0,180.0,0.0,0,6058.0,0.1513150654781556,7.867105500316739,8.146129510025405,5.111987788356544,8.70930004894499,1,1,1,0,0
63,1,1,1,1,0,4945.0,0.0,128.0,360.0,0.0,0,4945.0,0.07190203347938434,8.506334448081361,0.0,4.859812404361672,8.506334448081361,0,0,1,0,0
64,0,0,0,1,0,4166.0,0.0,116.0,360.0,0.0,0,4166.0,0.0773457086467168,8.334951631422454,0.0,4.762173934797756,8.334951631422454,0,0,0,1,0
65,1,1,0,1,0,5726.0,4595.0,258.0,360.0,1.0,0,10321.0,0.06943771598359331,8.652947112393857,8.432941638968646,5.556828061699537,9.242032818708672,1,1,0,1,0
66,1,0,0,0,0,3200.0,2254.0,126.0,180.0,0.0,0,5454.0,0.12834616795012835,8.071218539969863,7.720905251936779,4.844187086458591,8.604287898267172,1,0,0,0,1
67,1,1,1,1,0,10171.25,0.0,261.5,360.0,1.0,1,10171.25,0.07141589174279354,9.227418703510933,0.0,5.570251082031678,9.227418703510933,0,1,0,0,1
68,1,1,3,0,1,7100.0,0.0,125.0,60.0,1.0,1,7100.0,0.2934272300469484,8.867990898182093,0.0,4.836281906951478,8.867990898182093,0,0,0,0,1
69,0,0,0,1,0,4300.0,0.0,136.0,360.0,0.0,0,4300.0,0.08785529715762273,8.366602832783736,0.0,4.919980925828125,8.366602832783736,0,1,0,1,0
70,1,1,0,1,0,3208.0,3066.0,172.0,360.0,1.0,1,6274.0,0.07615202068501399,8.073714641109857,8.028455164114252,5.153291594497779,8.744328763999984,1,1,0,0,1
71,1,1,2,0,1,1875.0,1875.0,97.0,360.0,1.0,1,3750.0,0.07185185185185185,7.53689712956617,7.53689712956617,4.584967478670572,8.229777750081887,1,0,0,1,0
72,1,0,0,1,0,3500.0,0.0,81.0,300.0,1.0,1,3500.0,0.07714285714285714,8.160803920954665,0.0,4.406719247264253,8.160803920954665,0,0,0,1,0
73,1,1,3,0,0,4755.0,0.0,95.0,360.0,0.0,0,4755.0,0.055497137516064964,8.467162257810672,0.0,4.564348191467836,8.467162257810672,0,0,0,1,0
74,1,1,3,1,1,5266.0,1774.0,187.0,360.0,1.0,1,7040.0,0.07378472222222222,8.569216219483389,7.4815557019095165,5.236441962829949,8.859505484519133,1,1,0,1,0
75,1,0,0,1,0,3750.0,0.0,113.0,480.0,1.0,0,3750.0,0.06277777777777778,8.229777750081887,0.0,4.736198448394496,8.229777750081887,0,0,0,0,1
76,1,0,0,1,0,3750.0,4750.0,176.0,360.0,1.0,0,8500.0,0.05751633986928104,8.229777750081887,8.46611040118692,5.176149732573829,9.04793908261736,1,1,0,0,1
77,1,1,1,1,1,1000.0,3022.0,110.0,360.0,1.0,0,4022.0,0.07597104812420576,6.90875477931522,8.014004994779459,4.709530201312334,8.299783171949787,1,0,0,0,1
78,1,1,3,1,0,3167.0,4000.0,180.0,300.0,0.0,0,7167.0,0.08371703641691085,8.060855752934316,8.294299608857235,5.198497031265826,8.877381954654766,1,1,0,1,0
79,1,1,3,0,1,3333.0,2166.0,130.0,360.0,1.0,1,5499.0,0.06566850538481744,8.111928063310739,7.681099001536359,4.875197323201151,8.612503371220562,1,1,0,1,0
80,0,0,0,1,0,3846.0,0.0,111.0,360.0,1.0,1,3846.0,0.08016987346160513,8.255048902752295,0.0,4.718498871295094,8.255048902752295,0,0,0,1,0
81,1,1,1,1,1,2395.0,0.0,128.0,360.0,1.0,1,2395.0,0.14845743446996057,7.78155595923534,0.0,4.859812404361672,7.78155595923534,0,0,0,1,0
82,0,1,2,1,0,1378.0,1881.0,167.0,360.0,1.0,0,3259.0,0.14234086802359278,7.229113877793302,7.540090320145325,5.123963979403259,8.089482474360754,1,1,0,0,1
83,1,1,0,1,0,6000.0,2250.0,261.5,360.0,1.0,0,8250.0,0.08804713804713804,8.699681400989514,7.719129840906732,5.570251082031678,9.018089684104343,1,1,0,1,0
84,1,1,1,1,0,3988.0,0.0,50.0,240.0,1.0,1,3988.0,0.052240053493814775,8.291295851905407,0.0,3.9318256327243257,8.291295851905407,0,0,0,0,1
85,1,0,0,1,0,2366.0,2531.0,136.0,360.0,1.0,1,4897.0,0.07714473714065301,7.769378609513984,7.836764783264067,4.919980925828125,8.496582237512113,1,1,0,1,0
86,1,1,2,0,0,3333.0,2000.0,99.0,360.0,1.0,1,5333.0,0.0515657228576786,8.111928063310739,7.601402334583733,4.605170185988092,8.58185670474196,1,0,0,1,0
87,1,1,0,1,0,2500.0,2118.0,104.0,360.0,1.0,1,4618.0,0.062557143544584,7.824445930877619,7.6586995582682995,4.653960350157523,8.437933510430605,1,0,0,1,0
88,1,0,0,1,0,8566.0,0.0,210.0,360.0,1.0,1,8566.0,0.0680986847225465,9.055672891964043,0.0,5.351858133476067,9.055672891964043,0,1,0,0,1
89,1,1,0,1,0,5695.0,4167.0,175.0,360.0,1.0,1,9862.0,0.049291331485612565,8.647519453091812,8.335191583433202,5.170483995038151,9.196545660953994,1,1,0,1,0
90,1,1,0,1,0,2958.0,2900.0,131.0,360.0,1.0,1,5858.0,0.0621182807935966,7.99260665240021,7.972810784121404,4.882801922586371,8.675734219544788,1,1,0,1,0
91,1,1,2,1,0,6250.0,5654.0,188.0,180.0,1.0,1,11904.0,0.08773894862604541,8.740496729931813,8.640295388550221,5.241747015059643,9.384713758920963,1,1,0,1,0
92,1,1,2,0,0,3273.0,1820.0,81.0,360.0,1.0,1,5093.0,0.04417828391910465,8.09376775793108,7.507141079727608,4.406719247264253,8.535818655539403,1,0,0,0,1
93,1,0,0,1,0,4133.0,0.0,122.0,360.0,1.0,1,4133.0,0.08199585988117321,8.327000740241713,0.0,4.812184355372417,8.327000740241713,0,0,0,1,0
94,1,0,0,0,0,3620.0,0.0,25.0,120.0,1.0,1,3620.0,0.05755064456721915,8.19450550976564,0.0,3.258096538021482,8.19450550976564,0,0,0,1,0
95,1,0,0,1,0,6782.0,0.0,128.0,360.0,1.0,0,6782.0,0.0524263573511583,8.82217476094608,0.0,4.859812404361672,8.82217476094608,0,0,0,0,1
96,0,1,0,1,0,2484.0,2302.0,137.0,360.0,1.0,1,4786.0,0.07951432418628407,7.818027938530729,7.741967899820685,4.927253685157205,8.473659189392508,1,1,0,1,0
97,1,1,0,1,0,1977.0,997.0,50.0,360.0,1.0,1,2974.0,0.04670103863109915,7.589841512182657,6.905753276311464,3.9318256327243257,7.99799931797973,1,0,0,1,0
98,1,1,0,0,0,4188.0,0.0,115.0,180.0,1.0,1,4188.0,0.1525522657327815,8.340217320947035,0.0,4.7535901911063645,8.340217320947035,0,0,0,1,0
99,1,1,0,1,0,1759.0,3541.0,131.0,360.0,1.0,1,5300.0,0.06865828092243187,7.473069088032197,8.17244681834278,4.882801922586371,8.575650760987806,1,1,0,1,0
100,1,1,2,0,0,4288.0,3263.0,133.0,180.0,1.0,1,7551.0,0.09785311732073751,8.36380888451688,8.090708716083997,4.897839799950911,8.929567707825337,1,1,0,0,1
101,1,0,0,1,0,4843.0,3806.0,151.0,360.0,1.0,1,8649.0,0.048496293726956234,8.485496104672983,8.244596756382498,5.0238805208462765,9.065314599925925,1,1,0,1,0
102,1,1,0,1,0,10171.25,0.0,128.0,360.0,1.0,1,10171.25,0.03495691832916854,9.227418703510933,0.0,4.859812404361672,9.227418703510933,0,0,0,0,1
103,1,1,0,1,0,4652.0,3583.0,128.0,360.0,1.0,1,8235.0,0.04317614517978817,8.445267451844648,8.18423477409482,4.859812404361672,9.01627006814768,1,0,0,1,0
104,1,1,0,1,0,3816.0,754.0,160.0,360.0,1.0,1,4570.0,0.09725261366399222,8.247220052745229,6.626717749249025,5.081404364984463,8.427487278331744,1,1,0,0,1
105,1,1,1,1,0,3052.0,1030.0,100.0,360.0,1.0,1,4082.0,0.06804943110675594,8.023879992734878,6.93828448401696,4.61512051684126,8.314587291319576,1,0,0,0,1
106,1,1,2,1,0,10171.25,1126.0,225.0,360.0,1.0,1,11297.25,0.05532319812343712,9.227418703510933,7.027314514039777,5.420534999272286,9.332403125450623,1,1,0,0,1
107,1,0,0,0,0,7333.0,0.0,120.0,360.0,1.0,0,7333.0,0.045456611664166556,8.900276348631271,0.0,4.795790545596741,8.900276348631271,0,0,1,0,0
108,1,1,2,1,0,3800.0,3600.0,216.0,360.0,0.0,0,7400.0,0.08108108108108109,8.24301946898925,8.188966863648876,5.37989735354046,8.909370405197466,1,1,0,0,1
109,1,1,3,0,0,2071.0,754.0,94.0,480.0,1.0,1,2825.0,0.06932153392330384,7.6362696033793735,6.626717749249025,4.553876891600541,7.946617563244473,1,0,0,1,0
110,1,0,0,1,0,5316.0,0.0,136.0,360.0,1.0,1,5316.0,0.07106429228325391,8.57866451350434,0.0,4.919980925828125,8.57866451350434,0,1,0,0,1
111,0,1,0,1,0,2929.0,2333.0,139.0,360.0,1.0,1,5262.0,0.07337725410701465,7.982757702011113,7.755338812846501,4.941642422609304,8.56845648535378,1,1,0,1,0
112,1,1,0,0,0,3572.0,4114.0,152.0,360.0,0.0,0,7686.0,0.05493393471535548,8.181160858023409,8.32239411311117,5.030437921392435,8.947285869349132,1,1,1,0,0
113,0,0,1,1,1,7451.0,0.0,128.0,360.0,1.0,1,7451.0,0.04771917266884385,8.916237731721479,0.0,4.859812404361672,8.916237731721479,0,0,0,1,0
114,1,0,0,1,0,5050.0,0.0,118.0,360.0,1.0,1,5050.0,0.06490649064906491,8.527341522468053,0.0,4.77912349311153,8.527341522468053,0,0,0,1,0
115,1,1,1,1,0,10171.25,0.0,185.0,180.0,1.0,1,10171.25,0.10104734204525283,9.227418703510933,0.0,5.225746673713202,9.227418703510933,0,1,1,0,0
116,0,1,0,1,0,3167.0,2283.0,154.0,360.0,1.0,1,5450.0,0.07849133537206932,8.060855752934316,7.7336835707759,5.043425116919247,8.603554357064281,1,1,0,1,0
117,1,1,1,1,0,2214.0,1398.0,85.0,360.0,1.0,1,3612.0,0.06536852467085025,7.703007682479236,7.243512974665482,4.454347296253507,8.19229373114764,1,0,0,0,1
118,1,1,0,1,0,5568.0,2142.0,175.0,360.0,1.0,0,7710.0,0.0630494307537109,8.624970783589669,7.669961995473577,5.170483995038151,8.95040315983296,1,1,1,0,0
119,0,0,0,1,0,10171.25,0.0,259.0,360.0,1.0,1,10171.25,0.07073313943167697,9.227418703510933,0.0,5.560681631015528,9.227418703510933,0,1,0,0,1
120,1,1,0,1,0,5667.0,2667.0,180.0,360.0,1.0,1,8334.0,0.059995200383969285,8.64259160081057,7.889084407035514,5.198497031265826,9.028218795184895,1,1,1,0,0
121,0,0,0,1,0,4166.0,0.0,44.0,360.0,1.0,1,4166.0,0.02933802741772017,8.334951631422454,0.0,3.8066624897703196,8.334951631422454,0,0,0,1,0
122,0,0,0,1,0,2137.0,5743.125,137.0,360.0,0.0,1,7880.125,0.048293086157333236,7.6676260915849905,8.655932872329714,4.927253685157205,8.97222593915922,1,1,0,1,0
123,1,1,2,1,0,2957.0,0.0,81.0,360.0,1.0,1,2957.0,0.07609063239770038,7.992268643270745,0.0,4.406719247264253,7.992268643270745,0,0,0,1,0
124,1,1,0,0,0,4300.0,2014.0,194.0,360.0,1.0,1,6314.0,0.0853482560799634,8.366602832783736,7.608374474380783,5.272999558563747,8.750683034784592,1,1,1,0,0
125,0,0,0,1,0,3692.0,0.0,93.0,360.0,1.0,1,3692.0,0.06997110870350307,8.214194414852564,0.0,4.543294782270004,8.214194414852564,0,0,1,0,0
126,1,1,3,1,0,10171.25,0.0,261.5,360.0,1.0,1,10171.25,0.07141589174279354,9.227418703510933,0.0,5.570251082031678,9.227418703510933,0,1,1,0,0
127,1,0,0,1,0,3865.0,1640.0,128.0,360.0,1.0,1,5505.0,0.06458774851145424,8.259975659768276,7.403061091090091,4.859812404361672,8.613593685702552,1,0,1,0,0
128,1,1,1,1,1,10171.25,3850.0,160.0,180.0,0.0,0,14021.25,0.06339583766703318,9.227418703510933,8.25608813381491,5.081404364984463,9.548400632733635,1,1,0,0,1
129,1,1,0,1,0,6080.0,2569.0,182.0,360.0,1.0,0,8649.0,0.05845248647884791,8.71292443512011,7.851661177889265,5.209486152841421,9.065314599925925,1,1,1,0,0
130,1,0,0,1,1,10171.25,0.0,261.5,480.0,1.0,1,10171.25,0.05356191880709516,9.227418703510933,0.0,5.570251082031678,9.227418703510933,0,1,0,0,1
131,1,0,0,1,0,2014.0,1929.0,74.0,360.0,1.0,1,3943.0,0.052131766562403134,7.608374474380783,7.5652752818989315,4.31748811353631,8.279950715722526,1,0,0,0,1
132,1,0,0,1,0,2718.0,0.0,70.0,360.0,1.0,1,2718.0,0.0715395307006786,7.908019444632471,0.0,4.2626798770413155,7.908019444632471,0,0,0,1,0
133,1,1,0,1,1,3459.0,0.0,25.0,120.0,1.0,1,3459.0,0.06022935337766214,8.14902386805177,0.0,3.258096538021482,8.14902386805177,0,0,0,1,0
134,1,0,0,1,0,4895.0,0.0,102.0,360.0,1.0,1,4895.0,0.057882192713653385,8.496173824192162,0.0,4.634728988229636,8.496173824192162,0,0,0,1,0
135,1,1,3,1,0,4000.0,5743.125,261.5,360.0,1.0,0,9743.125,0.07455399462584016,8.294299608857235,8.655932872329714,5.570251082031678,9.18441981827462,1,1,0,1,0
136,0,1,0,1,0,4583.0,0.0,84.0,360.0,1.0,0,4583.0,0.05091279365772056,8.430327258394575,0.0,4.442651256490317,8.430327258394575,0,0,1,0,0
137,1,1,2,1,1,3316.0,3500.0,88.0,360.0,1.0,1,6816.0,0.035863328116849245,8.106816038947052,8.160803920954665,4.48863636973214,8.827174771362785,1,0,0,0,1
138,1,0,0,1,0,10171.25,0.0,242.0,360.0,0.0,0,10171.25,0.06609042371608428,9.227418703510933,0.0,5.493061443340548,9.227418703510933,0,1,0,1,0
139,1,1,2,0,0,4200.0,1430.0,129.0,360.0,1.0,0,5630.0,0.06364712847838958,8.343077871169383,7.266128779556451,4.867534450455582,8.636042325254618,1,1,1,0,0
140,1,1,2,1,0,5042.0,2083.0,185.0,360.0,1.0,0,7125.0,0.07212475633528265,8.525756422076725,7.642044402873258,5.225746673713202,8.871505346165781,1,1,1,0,0
141,1,0,0,1,0,5417.0,0.0,168.0,360.0,1.0,1,5417.0,0.08614854470494124,8.59748202264504,0.0,5.1298987149230735,8.59748202264504,0,1,0,0,1
142,1,0,0,1,1,6950.0,0.0,175.0,180.0,1.0,1,6950.0,0.1398880895283773,8.846640813100485,0.0,5.170483995038151,8.846640813100485,0,1,0,1,0
143,1,1,0,1,0,2698.0,2034.0,122.0,360.0,1.0,1,4732.0,0.07161641777026392,7.900636613018005,7.618251097876695,4.812184355372417,8.462314529906248,1,0,0,1,0
144,1,1,2,1,0,10171.25,0.0,187.0,180.0,1.0,1,10171.25,0.10213974574303934,9.227418703510933,0.0,5.236441962829949,9.227418703510933,0,1,0,0,1
145,0,1,0,1,0,2330.0,4486.0,100.0,360.0,1.0,1,6816.0,0.04075378195096505,7.754052639035757,8.408939605975984,4.61512051684126,8.827174771362785,1,0,0,1,0
146,0,1,2,1,0,10171.25,0.0,70.0,360.0,1.0,1,10171.25,0.019117064711264047,9.227418703510933,0.0,4.2626798770413155,9.227418703510933,0,0,0,0,1
147,1,1,1,1,0,1538.0,1425.0,30.0,360.0,1.0,1,2963.0,0.028124648441894478,7.338888133838879,7.262628600974241,3.4339872044851463,7.994294986415977,1,0,0,0,1
148,0,0,0,1,0,10000.0,1666.0,225.0,360.0,1.0,0,11666.0,0.053574489970855475,9.210440366976517,7.418780882750794,5.420534999272286,9.364519622823858,1,1,1,0,0
149,1,1,0,1,0,4860.0,830.0,125.0,360.0,1.0,1,5690.0,0.0610232376488967,8.488999457045455,6.7226297948554485,4.836281906951478,8.646641258603124,1,0,0,1,0
150,1,0,0,1,0,6277.0,0.0,118.0,360.0,0.0,0,6277.0,0.05221885897367815,8.744806737401898,0.0,4.77912349311153,8.744806737401898,0,0,1,0,0
151,1,1,0,1,1,2577.0,3750.0,152.0,360.0,1.0,1,6327.0,0.0667334000667334,7.8547691834991324,8.229777750081887,5.030437921392435,8.75273950944749,1,1,1,0,0
152,1,0,0,1,0,9166.0,0.0,244.0,360.0,1.0,0,9166.0,0.07394477174097511,9.123365357961776,0.0,5.501258210544727,9.123365357961776,0,1,0,0,1
153,1,1,2,0,0,2281.0,0.0,113.0,360.0,1.0,0,2281.0,0.13761020994690437,7.732807530422021,0.0,4.736198448394496,7.732807530422021,0,0,1,0,0
154,1,0,0,1,0,3254.0,0.0,50.0,360.0,1.0,1,3254.0,0.04268251041453254,8.08794755464267,0.0,3.9318256327243257,8.08794755464267,0,0,0,0,1
155,1,1,3,1,0,10171.25,0.0,261.5,180.0,0.0,1,10171.25,0.1428317834855871,9.227418703510933,0.0,5.570251082031678,9.227418703510933,0,1,0,1,0
156,1,1,1,1,0,6000.0,0.0,160.0,360.0,1.0,1,6000.0,0.07407407407407407,8.699681400989514,0.0,5.081404364984463,8.699681400989514,0,1,1,0,0
157,1,1,1,1,0,9538.0,0.0,187.0,360.0,1.0,1,9538.0,0.054460520491134874,9.163143937145207,0.0,5.236441962829949,9.163143937145207,0,1,0,0,1
158,1,0,0,1,0,2980.0,2083.0,120.0,360.0,1.0,1,5063.0,0.06583711896767397,8.000014093678072,7.642044402873258,4.795790545596741,8.529911963824013,1,0,1,0,0
159,1,1,0,1,0,4583.0,5625.0,255.0,360.0,1.0,1,10208.0,0.06939002089864159,8.430327258394575,8.635153989049803,5.545177444479562,9.231024963169016,1,1,0,1,0
160,1,1,0,0,0,1863.0,1041.0,98.0,360.0,1.0,1,2904.0,0.09374043464952556,7.530479995245536,6.948897222313312,4.59511985013459,7.974188669286011,1,0,0,1,0
161,1,1,0,1,0,7933.0,0.0,261.5,360.0,1.0,0,7933.0,0.09156547193859686,8.978912601074276,0.0,5.570251082031678,8.978912601074276,0,1,0,0,1
162,1,1,1,1,0,3089.0,1280.0,121.0,360.0,0.0,0,4369.0,0.07693090206251113,8.035926369891792,7.155396301896734,4.804021044733257,8.382518288089635,1,0,0,1,0
163,1,1,2,1,0,4167.0,1447.0,158.0,360.0,1.0,1,5614.0,0.07817757194315798,8.335191583433202,7.277938572945661,5.0689042022202315,8.633196867172543,1,1,1,0,0
164,1,1,0,1,0,9323.0,0.0,75.0,180.0,1.0,1,9323.0,0.04469233794558261,9.140347000155648,0.0,4.330733340286331,9.140347000155648,0,0,0,0,1
165,1,1,0,1,0,3707.0,3166.0,182.0,360.0,1.0,1,6873.0,0.07355675186316828,8.218247926685745,8.06054004653864,5.209486152841421,8.835501457409778,1,1,1,0,0
166,0,1,0,1,0,4583.0,0.0,112.0,360.0,1.0,0,4583.0,0.06788372487696075,8.430327258394575,0.0,4.727387818712341,8.430327258394575,0,0,1,0,0
167,1,1,0,1,0,2439.0,3333.0,129.0,360.0,1.0,1,5772.0,0.06208131208131208,7.799753318287247,8.111928063310739,4.867534450455582,8.660947155060933,1,1,1,0,0
168,1,0,0,1,0,2237.0,0.0,63.0,480.0,0.0,0,2237.0,0.058672329012069736,7.71333788887187,0.0,4.1588830833596715,7.71333788887187,0,0,0,1,0
169,1,1,2,1,0,8000.0,0.0,200.0,360.0,1.0,1,8000.0,0.06944444444444445,8.987321812850125,0.0,5.303304908059076,8.987321812850125,0,1,0,1,0
170,1,1,0,0,0,1820.0,1769.0,95.0,360.0,1.0,1,3589.0,0.07352713538280549,7.507141079727608,7.478734825567875,4.564348191467836,8.185907481482324,1,0,1,0,0
171,1,1,3,1,0,10171.25,0.0,261.5,300.0,1.0,1,10171.25,0.08569907009135226,9.227418703510933,0.0,5.570251082031678,9.227418703510933,0,1,0,0,1
172,1,1,3,0,0,3522.0,0.0,81.0,180.0,1.0,0,3522.0,0.12776831345826234,8.167068178341237,0.0,4.406719247264253,8.167068178341237,0,0,1,0,0
173,1,1,0,1,0,5708.0,5625.0,187.0,360.0,1.0,1,11333.0,0.045834681412198396,8.64979915596426,8.635153989049803,5.236441962829949,9.335562336729565,1,1,0,1,0
174,1,1,0,0,1,4344.0,736.0,87.0,360.0,1.0,0,5080.0,0.04757217847769029,8.376781037699493,6.602587892189336,4.477336814478207,8.533263371593732,1,0,0,1,0
175,1,1,0,1,0,3497.0,1964.0,116.0,360.0,1.0,1,5461.0,0.05900425237542981,8.159946655578548,7.583247524303362,4.762173934797756,8.60557030203365,1,0,1,0,0
176,1,1,2,1,0,2045.0,1619.0,101.0,360.0,1.0,1,3664.0,0.07657083939835031,7.6236419465115715,7.3901814282264295,4.624972813284271,8.206583614320753,1,0,1,0,0
177,1,1,3,1,0,5516.0,5743.125,261.5,360.0,0.0,0,11259.125,0.06451557193732985,8.61558951327243,8.655932872329714,5.570251082031678,9.329023002875402,1,1,0,1,0
178,1,1,1,1,0,3750.0,0.0,116.0,360.0,1.0,1,3750.0,0.08592592592592592,8.229777750081887,0.0,4.762173934797756,8.229777750081887,0,0,0,1,0
179,1,0,0,0,0,2333.0,1451.0,102.0,480.0,0.0,0,3784.0,0.05615750528541226,7.755338812846501,7.280697195384741,4.634728988229636,8.23880116587155,1,0,0,0,1
180,1,1,1,1,0,6400.0,5743.125,180.0,360.0,0.0,0,12143.125,0.041175562303772714,8.764209507142004,8.655932872329714,5.198497031265826,9.404600792731317,1,1,0,0,1
181,1,0,0,1,0,1916.0,5063.0,67.0,360.0,1.0,0,6979.0,0.026667303497794972,7.558516743045645,8.529911963824013,4.219507705176107,8.850804195756417,1,0,1,0,0
182,1,1,0,1,0,4600.0,0.0,73.0,180.0,1.0,1,4600.0,0.08816425120772947,8.434028950155469,0.0,4.30406509320417,8.434028950155469,0,0,0,1,0
183,1,1,1,1,0,10171.25,0.0,260.0,360.0,1.0,0,10171.25,0.0710062403561236,9.227418703510933,0.0,5.564520407322694,9.227418703510933,0,1,0,1,0
184,0,1,0,1,0,3625.0,0.0,108.0,360.0,1.0,1,3625.0,0.08275862068965517,8.195885391314796,0.0,4.6913478822291435,8.195885391314796,0,0,0,1,0
185,1,1,0,1,1,10171.25,4750.0,120.0,360.0,1.0,1,14921.25,0.02233950462148502,9.227418703510933,8.46611040118692,4.795790545596741,9.610608666677471,1,0,0,1,0
186,1,1,1,1,1,2178.0,0.0,66.0,300.0,0.0,0,2178.0,0.10101010101010101,7.68662133494462,0.0,4.204692619390966,7.68662133494462,0,0,1,0,0
187,1,1,0,1,0,2383.0,2138.0,58.0,360.0,1.0,1,4521.0,0.03563616702302834,7.776535028185241,7.668093709082406,4.07753744390572,8.416709652837914,1,0,1,0,0
188,1,1,0,1,1,674.0,5296.0,168.0,360.0,1.0,1,5970.0,0.07816862088218872,6.51471269087253,8.574895901544526,5.1298987149230735,8.694669696546992,1,1,1,0,0
189,1,1,0,1,0,9328.0,0.0,188.0,180.0,1.0,1,9328.0,0.11196874404421574,9.140883106960962,0.0,5.241747015059643,9.140883106960962,0,1,1,0,0
190,1,0,0,0,0,4885.0,0.0,48.0,360.0,1.0,1,4885.0,0.027294438758103036,8.494129251817686,0.0,3.8918202981106265,8.494129251817686,0,0,1,0,0
191,1,0,0,1,0,10171.25,0.0,164.0,360.0,1.0,0,10171.25,0.0447885516092472,9.227418703510933,0.0,5.10594547390058,9.227418703510933,0,1,0,1,0
192,1,1,0,0,0,6033.0,0.0,160.0,360.0,1.0,0,6033.0,0.07366889515074497,8.705165419719007,0.0,5.081404364984463,8.705165419719007,0,1,0,0,1
193,1,0,0,1,0,3858.0,0.0,76.0,360.0,1.0,1,3858.0,0.054720350210241346,8.258163361537619,0.0,4.343805421853684,8.258163361537619,0,0,0,1,0
194,1,0,0,1,0,4191.0,0.0,120.0,360.0,1.0,1,4191.0,0.07953551260637874,8.340933226000878,0.0,4.795790545596741,8.340933226000878,0,0,1,0,0
195,1,1,1,1,0,3125.0,2583.0,170.0,360.0,1.0,0,5708.0,0.08272989176983571,8.047509510981422,7.857093864902493,5.14166355650266,8.64979915596426,1,1,0,1,0
196,1,0,0,1,0,8333.0,3750.0,187.0,360.0,1.0,1,12083.0,0.04298969166965525,9.0280988119824,8.229777750081887,5.236441962829949,9.399637542506563,1,1,1,0,0
197,0,0,0,0,0,1907.0,2365.0,120.0,360.0,1.0,1,4272.0,0.0780274656679151,7.553810852008231,7.768956044538332,4.795790545596741,8.360071435644025,1,0,0,0,1
198,0,1,0,1,0,3416.0,2816.0,113.0,360.0,1.0,1,6232.0,0.05036727998858936,8.136518252115291,7.943427767876373,4.736198448394496,8.73761303680885,1,0,0,1,0
199,1,0,0,1,1,10171.25,0.0,83.0,360.0,1.0,0,10171.25,0.022667376729070227,9.227418703510933,0.0,4.430816798843313,9.227418703510933,0,0,0,0,1
200,1,1,1,0,0,2600.0,2500.0,90.0,360.0,1.0,1,5100.0,0.049019607843137254,7.8636512654486515,7.824445930877619,4.51085950651685,8.537191877922927,1,0,0,1,0
201,1,0,2,1,0,4923.0,0.0,166.0,360.0,0.0,1,4923.0,0.09366465795472499,8.501876487304344,0.0,5.117993812416755,8.501876487304344,0,1,0,1,0
202,1,1,3,0,0,3992.0,0.0,128.0,180.0,1.0,0,3992.0,0.1781340458695168,8.292298107063221,0.0,4.859812404361672,8.292298107063221,0,0,0,0,1
203,1,1,1,0,0,3500.0,1083.0,135.0,360.0,1.0,1,4583.0,0.08182413266419376,8.160803920954665,6.988413181999592,4.912654885736052,8.430327258394575,1,1,0,0,1
204,1,1,2,0,0,3917.0,0.0,124.0,360.0,1.0,1,3917.0,0.08793577851530367,8.273336598504486,0.0,4.8283137373023015,8.273336598504486,0,0,0,1,0
205,0,0,0,0,0,4408.0,0.0,120.0,360.0,1.0,1,4408.0,0.07562008469449485,8.391403185357937,0.0,4.795790545596741,8.391403185357937,0,0,0,1,0
206,0,0,0,1,0,3244.0,0.0,80.0,360.0,1.0,1,3244.0,0.06850253459377997,8.08487062913819,0.0,4.394449154672439,8.08487062913819,0,0,0,0,1
207,1,0,0,0,0,3975.0,2531.0,55.0,360.0,1.0,1,6506.0,0.023482597260648292,8.288031567776464,7.836764783264067,4.02535169073515,8.780633799494984,1,0,1,0,0
208,1,0,0,1,0,2479.0,0.0,59.0,360.0,1.0,1,2479.0,0.0661108870064094,7.8160138391590275,0.0,4.0943445622221,7.8160138391590275,0,0,0,0,1
209,1,0,0,1,0,3418.0,0.0,127.0,360.0,1.0,0,3418.0,0.10321175476236916,8.137103389639302,0.0,4.852030263919617,8.137103389639302,0,0,0,1,0
210,0,0,0,1,0,10000.0,0.0,214.0,360.0,1.0,0,10000.0,0.059444444444444446,9.210440366976517,0.0,5.3706380281276624,9.210440366976517,0,1,0,1,0
211,1,1,3,1,0,3430.0,1250.0,128.0,360.0,0.0,0,4680.0,0.07597340930674264,8.14060704285845,7.1316985104669115,4.859812404361672,8.45126704130007,1,0,0,1,0
212,1,1,1,1,1,7787.0,0.0,240.0,360.0,1.0,1,7787.0,0.08561277342579512,8.960339366492091,0.0,5.484796933490655,8.960339366492091,0,1,0,0,1
213,1,1,3,0,1,5703.0,0.0,130.0,360.0,1.0,1,5703.0,0.06331950045784869,8.648922962094131,0.0,4.875197323201151,8.648922962094131,0,1,1,0,0
214,1,1,0,1,0,3173.0,3021.0,137.0,360.0,1.0,1,6194.0,0.06143938578552721,8.062747901086354,8.013674142832684,4.927253685157205,8.731497794063243,1,1,0,0,1
215,1,1,3,0,0,3850.0,983.0,100.0,360.0,1.0,1,4833.0,0.05747522817665586,8.25608813381491,6.891625897052253,4.61512051684126,8.483429561263428,1,0,0,1,0
216,1,1,0,1,0,150.0,1800.0,135.0,360.0,1.0,0,1950.0,0.19230769230769232,5.017279836814924,7.496097345175956,4.912654885736052,7.576097340623111,1,1,1,0,0
217,1,1,0,1,0,3727.0,1775.0,131.0,360.0,1.0,1,5502.0,0.06613756613756613,8.223627175805483,7.4821189235521155,4.882801922586371,8.613048677059759,1,1,0,1,0
218,1,1,2,1,0,5000.0,0.0,72.0,360.0,0.0,0,5000.0,0.04,8.517393171418904,0.0,4.290459441148391,8.517393171418904,0,0,0,1,0
219,0,1,2,1,0,4283.0,2383.0,127.0,360.0,1.0,1,6666.0,0.05292195886255292,8.36264243156764,7.776535028185241,4.852030263919617,8.80492526261806,1,0,0,1,0
220,1,1,0,1,0,2221.0,0.0,60.0,360.0,0.0,0,2221.0,0.07504127269998499,7.706162970199576,0.0,4.110873864173311,7.706162970199576,0,0,0,0,1
221,1,1,2,1,0,4009.0,1717.0,116.0,360.0,1.0,1,5726.0,0.05627352815616874,8.296546520300614,7.4489161025442,4.762173934797756,8.652947112393857,1,0,0,1,0
222,1,0,0,1,0,2971.0,2791.0,144.0,360.0,1.0,1,5762.0,0.06942034015966678,7.99699040583765,7.934513463882263,4.976733742420574,8.659213451436667,1,1,0,1,0
223,1,1,0,1,0,7578.0,1010.0,175.0,360.0,1.0,1,8588.0,0.056603529472649176,8.93313654381203,6.918695219020472,5.170483995038151,9.058237593766226,1,1,0,1,0
224,1,1,0,1,0,6250.0,0.0,128.0,360.0,1.0,1,6250.0,0.05688888888888889,8.740496729931813,0.0,4.859812404361672,8.740496729931813,0,0,0,1,0
225,1,1,0,1,0,3250.0,0.0,170.0,360.0,1.0,0,3250.0,0.1452991452991453,8.086717920303906,0.0,5.14166355650266,8.086717920303906,0,1,1,0,0
226,1,1,0,0,1,4735.0,0.0,138.0,360.0,1.0,0,4735.0,0.08095740936290038,8.462948176563842,0.0,4.9344739331306915,8.462948176563842,0,1,0,0,1
227,1,1,2,1,0,6250.0,1695.0,210.0,360.0,1.0,1,7945.0,0.07342143906020558,8.740496729931813,7.4360278163518485,5.351858133476067,8.980423936374544,1,1,0,1,0
228,1,1,0,1,0,4758.0,0.0,158.0,480.0,1.0,1,4758.0,0.0691817290177946,8.46779284112111,0.0,5.0689042022202315,8.46779284112111,0,1,0,1,0
229,1,0,0,1,1,6400.0,0.0,200.0,360.0,1.0,1,6400.0,0.08680555555555555,8.764209507142004,0.0,5.303304908059076,8.764209507142004,0,1,1,0,0
230,1,1,1,1,0,2491.0,2054.0,104.0,360.0,1.0,1,4545.0,0.06356191174673023,7.820840879907344,7.628031126930335,4.653960350157523,8.422003004412488,1,0,0,1,0
231,1,1,0,1,0,3716.0,0.0,42.0,180.0,1.0,1,3716.0,0.06279153211338356,8.220672170297252,0.0,3.7612001156935624,8.220672170297252,0,0,1,0,0
232,1,0,0,0,0,3189.0,2598.0,120.0,360.0,1.0,1,5787.0,0.05760036864235931,8.06777619577889,7.8628820346414905,4.795790545596741,8.663542087751374,1,0,1,0,0
233,0,0,0,1,0,8333.0,0.0,261.5,360.0,1.0,1,8333.0,0.08717015347280557,9.0280988119824,0.0,5.570251082031678,9.0280988119824,0,1,0,1,0
234,1,1,1,1,0,3155.0,1779.0,140.0,360.0,1.0,1,4934.0,0.07881817772373102,8.057060681965766,7.484368643286131,4.948759890378168,8.504107951867582,1,1,0,1,0
235,1,1,1,1,0,5500.0,1260.0,170.0,360.0,1.0,1,6760.0,0.06985535831689678,8.612685172875459,7.13966033596492,5.14166355650266,8.818926087090677,1,1,1,0,0
236,1,1,0,1,0,5746.0,0.0,255.0,360.0,1.0,0,5746.0,0.1232741617357002,8.656433258507741,0.0,5.545177444479562,8.656433258507741,0,1,0,0,1
237,0,0,0,1,1,3463.0,0.0,122.0,360.0,1.0,1,3463.0,0.09785991593672795,8.150179269682326,0.0,4.812184355372417,8.150179269682326,0,0,0,0,1
238,0,0,1,1,0,3812.0,0.0,112.0,360.0,1.0,1,3812.0,0.08161361781508686,8.246171559857563,0.0,4.727387818712341,8.246171559857563,0,0,1,0,0
239,1,1,1,1,0,3315.0,0.0,96.0,360.0,1.0,1,3315.0,0.08044243338360986,8.106514516255185,0.0,4.574710978503383,8.106514516255185,0,0,0,1,0
240,1,1,2,1,0,5819.0,5000.0,120.0,360.0,1.0,1,10819.0,0.03080999476230089,8.669055540725484,8.517393171418904,4.795790545596741,9.289151552400472,1,0,1,0,0
241,1,1,1,0,0,2510.0,1983.0,140.0,180.0,1.0,0,4493.0,0.17310878650740658,7.828436359157585,7.592870287844818,4.948759890378168,8.410498452745275,1,1,0,0,1
242,1,0,0,1,0,2965.0,5701.0,155.0,60.0,1.0,1,8666.0,0.2980998538349104,7.994969522697877,8.648572269472618,5.049856007249537,9.067277989134345,1,1,0,0,1
243,1,1,2,1,1,6250.0,1300.0,108.0,360.0,1.0,1,7550.0,0.039735099337748346,8.740496729931813,7.170888478512505,4.6913478822291435,8.929435283803425,1,0,1,0,0
244,1,1,0,0,0,3406.0,4417.0,123.0,360.0,1.0,1,7823.0,0.04367463462439814,8.133587417660966,8.393442383980062,4.820281565605037,8.964951211714654,1,0,0,1,0
245,1,0,0,1,1,6050.0,4333.0,120.0,180.0,1.0,0,10383.0,0.06420751870043982,8.707978826622321,8.374246182096304,4.795790545596741,9.248021438943871,1,0,0,0,1
246,1,1,2,1,0,9703.0,0.0,112.0,360.0,1.0,1,9703.0,0.0320633939102454,9.180293450623886,0.0,4.727387818712341,9.180293450623886,0,0,0,0,1
247,1,1,1,0,0,6608.0,0.0,137.0,180.0,1.0,1,6608.0,0.1151802528921173,8.796187635470453,0.0,4.927253685157205,8.796187635470453,0,1,0,0,1
248,1,1,1,1,0,2882.0,1843.0,123.0,480.0,1.0,1,4725.0,0.05423280423280423,7.9665866976384025,7.519692404116539,4.820281565605037,8.460834457746854,1,0,0,1,0
249,1,1,0,1,0,1809.0,1868.0,90.0,360.0,1.0,1,3677.0,0.06799020940984499,7.501082124259871,7.533158807455563,4.51085950651685,8.210124405164267,1,0,0,0,1
250,1,1,0,0,0,1668.0,3890.0,201.0,360.0,0.0,0,5558.0,0.10045579944824277,7.419979923661835,8.266421472984554,5.308267697401205,8.62317351495347,1,1,0,1,0
251,0,0,2,1,0,3427.0,0.0,138.0,360.0,1.0,0,3427.0,0.11185682326621924,8.13973227971767,0.0,4.9344739331306915,8.13973227971767,0,1,0,0,1
252,1,0,0,0,1,2583.0,2167.0,104.0,360.0,1.0,1,4750.0,0.0608187134502924,7.857093864902493,7.681560362559537,4.653960350157523,8.46611040118692,1,0,1,0,0
253,1,1,1,0,0,2661.0,5743.125,261.5,180.0,1.0,1,8404.125,0.17286484646263325,7.8868329989550565,8.655932872329714,5.570251082031678,9.036596917832068,1,1,0,1,0
254,1,0,0,1,1,10171.25,0.0,192.0,360.0,0.0,0,10171.25,0.052435377493752815,9.227418703510933,0.0,5.262690188904886,9.227418703510933,0,1,0,0,1
255,0,0,3,1,0,3083.0,0.0,255.0,360.0,1.0,1,3083.0,0.22975456806141203,8.03398273468322,0.0,5.545177444479562,8.03398273468322,0,1,1,0,0
256,1,0,0,0,0,6045.0,0.0,115.0,360.0,0.0,0,6045.0,0.05284440768311736,8.707152175339404,0.0,4.7535901911063645,8.707152175339404,0,0,1,0,0
257,1,1,3,1,0,5250.0,0.0,94.0,360.0,1.0,0,5250.0,0.04973544973544974,8.566173813637858,0.0,4.553876891600541,8.566173813637858,0,0,0,0,1
258,1,1,0,1,0,10171.25,2100.0,261.5,360.0,1.0,0,12271.25,0.05919436804635949,9.227418703510933,7.650168700845001,5.570251082031678,9.415095894977114,1,1,1,0,0
259,1,1,3,0,0,4931.0,0.0,128.0,360.0,1.0,0,4931.0,0.07210617634466752,8.503499864284235,0.0,4.859812404361672,8.503499864284235,0,0,0,1,0
260,1,1,1,1,0,6083.0,4250.0,261.5,360.0,1.0,1,10333.0,0.07029796660107315,8.713417653379183,8.35490952835879,5.570251082031678,9.24319470884713,1,1,0,0,1
261,1,0,0,1,0,2060.0,2209.0,134.0,360.0,1.0,1,4269.0,0.08719190026287707,7.630946580890459,7.700747794511798,4.90527477843843,8.35936910622267,1,1,0,1,0
262,0,0,1,1,0,3481.0,0.0,155.0,36.0,1.0,0,3481.0,1.2368731845893581,8.155362120328135,0.0,5.049856007249537,8.155362120328135,0,1,0,1,0
263,0,0,0,1,0,7200.0,0.0,120.0,360.0,1.0,1,7200.0,0.046296296296296294,8.881975184248867,0.0,4.795790545596741,8.881975184248867,0,0,1,0,0
264,1,0,0,1,1,5166.0,0.0,128.0,360.0,1.0,1,5166.0,0.06882608508624768,8.550047528287184,0.0,4.859812404361672,8.550047528287184,0,0,0,1,0
265,1,0,0,1,0,4095.0,3447.0,151.0,360.0,1.0,1,7542.0,0.05561448481098441,8.317766166719343,8.145549631783584,5.0238805208462765,8.928375259853631,1,1,1,0,0
266,1,1,2,1,0,4708.0,1387.0,150.0,360.0,1.0,1,6095.0,0.06836204539239814,8.457230850243555,7.23561914106675,5.017279836814924,8.715388097366482,1,1,0,1,0
267,1,1,3,1,0,4333.0,1811.0,160.0,360.0,0.0,1,6144.0,0.07233796296296297,8.374246182096304,7.502186486602924,5.081404364984463,8.723394022000136,1,1,0,0,1
268,0,0,0,1,0,3418.0,0.0,135.0,360.0,1.0,0,3418.0,0.10971328262141604,8.137103389639302,0.0,4.912654885736052,8.137103389639302,0,1,1,0,0
269,0,0,1,1,0,2876.0,1560.0,90.0,360.0,1.0,1,4436.0,0.0563570784490532,7.964503363551548,7.353081920515432,4.51085950651685,8.39773375137891,1,0,0,0,1
270,0,0,0,1,0,3237.0,0.0,30.0,360.0,1.0,1,3237.0,0.025744001647616106,8.08271113423758,0.0,3.4339872044851463,8.08271113423758,0,0,0,0,1
271,1,1,0,1,0,10171.25,0.0,136.0,360.0,1.0,1,10171.25,0.03714172572474158,9.227418703510933,0.0,4.919980925828125,9.227418703510933,0,1,0,0,1
272,1,0,0,1,0,2833.0,1857.0,126.0,360.0,1.0,1,4690.0,0.07462686567164178,7.949444420250626,7.527255919373784,4.844187086458591,8.453401058328458,1,0,1,0,0
273,1,1,0,1,0,2620.0,2223.0,150.0,360.0,1.0,1,4843.0,0.08603482689792828,7.8713112033234065,7.707062655370473,5.017279836814924,8.485496104672983,1,1,0,1,0
274,1,1,2,1,0,3900.0,0.0,90.0,360.0,1.0,1,3900.0,0.0641025641025641,8.268988209506656,0.0,4.51085950651685,8.268988209506656,0,0,0,1,0
275,1,1,1,1,0,2750.0,1842.0,115.0,360.0,1.0,1,4592.0,0.06956542779713512,7.919719760924575,7.519149957669823,4.7535901911063645,8.432288684325794,1,0,0,1,0
276,1,1,0,1,0,3993.0,3274.0,207.0,360.0,1.0,1,7267.0,0.07912481078849594,8.29254851397576,8.094073148069352,5.337538079701318,8.891236429516061,1,1,0,1,0
277,1,1,0,1,0,3103.0,1300.0,80.0,360.0,1.0,1,4403.0,0.050470638705932824,8.04044688130311,7.170888478512505,4.394449154672439,8.390268497842571,1,0,0,0,1
278,1,1,0,1,0,10171.25,0.0,261.5,360.0,1.0,1,10171.25,0.07141589174279354,9.227418703510933,0.0,5.570251082031678,9.227418703510933,0,1,0,1,0
279,0,1,0,0,0,4100.0,0.0,124.0,360.0,1.0,1,4100.0,0.08401084010840108,8.31898612539206,0.0,4.8283137373023015,8.31898612539206,0,0,1,0,0
280,1,0,1,0,1,4053.0,2426.0,158.0,360.0,0.0,0,6479.0,0.06774022054157877,8.307459327011946,7.794411205726601,5.0689042022202315,8.776475789346321,1,1,0,0,1
281,1,1,0,1,0,3927.0,800.0,112.0,360.0,1.0,1,4727.0,0.06581576287520861,8.275885669474356,6.68586094706836,4.727387818712341,8.461257559085935,1,0,0,1,0
282,1,1,2,1,0,2301.0,985.7999878,78.0,180.0,1.0,1,3286.7999878,0.1318404937756442,7.741533589281828,6.894467372292008,4.3694478524670215,8.097973923364721,1,0,0,0,1
283,0,0,0,1,0,1811.0,1666.0,54.0,360.0,1.0,1,3477.0,0.04314063848144953,7.502186486602924,7.418780882750794,4.007333185232471,8.154212694914229,1,0,0,0,1
284,1,1,0,1,0,10171.25,0.0,128.0,360.0,1.0,0,10171.25,0.03495691832916854,9.227418703510933,0.0,4.859812404361672,9.227418703510933,0,0,1,0,0
285,1,0,0,1,0,3158.0,3053.0,89.0,360.0,1.0,1,6211.0,0.03980393209180844,8.058010800802085,8.024207485778577,4.499809670330265,8.734238184268579,1,0,1,0,0
286,0,0,0,1,1,2600.0,1717.0,99.0,300.0,1.0,0,4317.0,0.07644197359277276,7.8636512654486515,7.4489161025442,4.605170185988092,8.370547611074752,1,0,0,1,0
287,1,1,0,1,0,3704.0,2000.0,120.0,360.0,1.0,1,5704.0,0.0584385226741468,8.217438537730187,7.601402334583733,4.795790545596741,8.649098262296176,1,0,1,0,0
288,0,0,0,1,0,4124.0,0.0,115.0,360.0,1.0,1,4124.0,0.07745985558788662,8.324821298768782,0.0,4.7535901911063645,8.324821298768782,0,0,0,1,0
289,1,0,0,1,0,9508.0,0.0,187.0,360.0,1.0,1,9508.0,0.05463235637825457,9.159993997539445,0.0,5.236441962829949,9.159993997539445,0,1,1,0,0
290,1,1,0,1,0,3075.0,2416.0,139.0,360.0,1.0,1,5491.0,0.07031708452214736,8.031385330625534,7.790282380703483,4.941642422609304,8.61104776688786,1,1,1,0,0
291,1,1,2,1,0,4400.0,0.0,127.0,360.0,0.0,0,4400.0,0.08017676767676768,8.38958706681109,0.0,4.852030263919617,8.38958706681109,0,0,0,1,0
292,1,1,2,1,0,3153.0,1560.0,134.0,360.0,1.0,1,4713.0,0.07897776834759648,8.056426767522984,7.353081920515432,4.90527477843843,8.458292083496076,1,1,0,0,1
293,0,0,0,1,0,5417.0,0.0,143.0,480.0,0.0,0,5417.0,0.05499661559288659,8.59748202264504,0.0,4.969813299576001,8.59748202264504,0,1,0,0,1
294,1,1,0,1,0,2383.0,3334.0,172.0,360.0,1.0,1,5717.0,0.08357141468913377,7.776535028185241,8.112227958349724,5.153291594497779,8.651374372882257,1,1,0,1,0
295,1,1,3,1,0,4416.0,1250.0,110.0,360.0,1.0,1,5666.0,0.05392791308781425,8.393216011596527,7.1316985104669115,4.709530201312334,8.64241515616962,1,0,0,0,1
296,1,1,1,1,0,6875.0,0.0,200.0,360.0,1.0,1,6875.0,0.08080808080808081,8.83579236650274,0.0,5.303304908059076,8.83579236650274,0,1,0,1,0
297,0,1,1,1,0,4666.0,0.0,135.0,360.0,1.0,1,4666.0,0.0803686240891556,8.448271745949816,0.0,4.912654885736052,8.448271745949816,0,1,0,0,1
298,0,0,0,1,0,5000.0,2541.0,151.0,480.0,1.0,0,7541.0,0.041716394819431554,8.517393171418904,7.8407064517494,5.0238805208462765,8.928242677818302,1,1,1,0,0
299,1,1,1,1,0,2014.0,2925.0,113.0,360.0,1.0,0,4939.0,0.0635531259139277,7.608374474380783,7.98139158158007,4.736198448394496,8.505120610181969,1,0,0,0,1
300,1,1,0,0,0,1800.0,2934.0,93.0,360.0,0.0,0,4734.0,0.05456977890437967,7.496097345175956,7.984462732262196,4.543294782270004,8.462737005620179,1,0,0,0,1
301,1,1,0,0,0,2875.0,1750.0,105.0,360.0,1.0,1,4625.0,0.06306306306306306,7.964155718840937,7.467942332285852,4.663439094112067,8.439447842791385,1,0,0,1,0
302,0,0,0,1,0,5000.0,0.0,132.0,360.0,1.0,1,5000.0,0.07333333333333333,8.517393171418904,0.0,4.890349128221754,8.517393171418904,0,1,1,0,0
303,1,1,1,1,0,1625.0,1803.0,96.0,360.0,1.0,1,3428.0,0.07779074290159471,7.3938782901077555,7.4977617006225685,4.574710978503383,8.14002395246292,1,0,0,0,1
304,1,0,0,1,0,4000.0,2500.0,140.0,360.0,1.0,1,6500.0,0.05982905982905983,8.294299608857235,7.824445930877619,4.948759890378168,8.77971129020447,1,1,1,0,0
305,1,0,0,0,0,2000.0,0.0,128.0,360.0,1.0,0,2000.0,0.17777777777777778,7.601402334583733,0.0,4.859812404361672,7.601402334583733,0,0,0,0,1
306,0,0,0,1,0,3762.0,1666.0,135.0,360.0,1.0,1,5428.0,0.06908621960206338,8.232971790593437,7.418780882750794,4.912654885736052,8.599510233905452,1,1,1,0,0
307,0,0,0,1,0,2400.0,1863.0,104.0,360.0,0.0,0,4263.0,0.06776657022962441,7.783640596221253,7.530479995245536,4.653960350157523,8.357962965845681,1,0,0,0,1
308,1,0,0,1,0,10171.25,0.0,261.5,360.0,1.0,0,10171.25,0.07141589174279354,9.227418703510933,0.0,5.570251082031678,9.227418703510933,0,1,1,0,0
309,1,1,2,0,0,7667.0,0.0,185.0,360.0,1.0,1,7667.0,0.06702607133023201,8.944811104165534,0.0,5.225746673713202,8.944811104165534,0,1,1,0,0
310,0,0,0,1,0,2917.0,0.0,84.0,360.0,1.0,1,2917.0,0.0799908581876357,7.978653729082731,0.0,4.442651256490317,7.978653729082731,0,0,0,1,0
311,1,0,0,0,0,2927.0,2405.0,111.0,360.0,1.0,1,5332.0,0.057826956739184796,7.982074875081202,7.785720896534624,4.718498871295094,8.581669210600602,1,0,0,1,0
312,0,0,0,1,0,2507.0,0.0,56.0,360.0,1.0,1,2507.0,0.06204848646013385,7.827240901752812,0.0,4.04305126783455,7.827240901752812,0,0,1,0,0
313,1,1,2,1,1,5746.0,0.0,144.0,84.0,1.0,1,5746.0,0.2983441897469047,8.656433258507741,0.0,4.976733742420574,8.656433258507741,0,1,1,0,0
314,1,1,0,1,0,2473.0,1843.0,159.0,360.0,1.0,0,4316.0,0.10233240654927402,7.813591552952433,7.519692404116539,5.075173815233827,8.370315995555478,1,1,1,0,0
315,1,1,1,0,0,3399.0,1640.0,111.0,180.0,1.0,1,5039.0,0.12237877885823907,8.131530710604252,7.403061091090091,4.718498871295094,8.525161361065415,1,0,0,0,1
316,1,1,2,1,0,3717.0,0.0,120.0,360.0,1.0,1,3717.0,0.0896780557797507,8.220941168281389,0.0,4.795790545596741,8.220941168281389,0,0,0,1,0
317,1,1,0,1,0,2058.0,2134.0,88.0,360.0,1.0,1,4192.0,0.058312128922815946,7.629975707027789,7.666221925662725,4.48863636973214,8.341171747170762,1,0,0,0,1
318,0,0,1,1,0,3541.0,0.0,112.0,360.0,1.0,1,3541.0,0.08785967554676959,8.17244681834278,0.0,4.727387818712341,8.17244681834278,0,0,0,1,0
319,1,1,1,1,1,10000.0,0.0,155.0,360.0,1.0,0,10000.0,0.043055555555555555,9.210440366976517,0.0,5.049856007249537,9.210440366976517,0,1,1,0,0
320,1,1,0,1,0,2400.0,2167.0,115.0,360.0,1.0,1,4567.0,0.06994623263508747,7.783640596221253,7.681560362559537,4.7535901911063645,8.426830751335846,1,0,0,1,0
321,1,1,3,1,0,4342.0,189.0,124.0,360.0,1.0,1,4531.0,0.07601951985090365,8.376320632534823,5.247024072160486,4.8283137373023015,8.418918622147897,1,0,0,1,0
322,1,1,2,0,0,3601.0,1590.0,128.0,360.0,1.0,1,5191.0,0.06849461675121471,8.189244525735901,7.372118028337787,4.859812404361672,8.554874258383926,1,0,1,0,0
323,0,0,0,1,0,3166.0,2985.0,132.0,360.0,1.0,1,6151.0,0.0596109033761448,8.06054004653864,8.001689978099135,4.890349128221754,8.72453251118548,1,1,1,0,0
324,1,1,3,1,0,10171.25,0.0,261.5,360.0,1.0,1,10171.25,0.07141589174279354,9.227418703510933,0.0,5.570251082031678,9.227418703510933,0,1,1,0,0
325,1,1,1,1,1,8666.0,4983.0,261.5,360.0,0.0,0,13649.0,0.05321920205794482,9.067277989134345,8.51398806046729,5.570251082031678,9.521494800613105,1,1,1,0,0
326,1,0,0,1,0,4917.0,0.0,130.0,360.0,0.0,1,4917.0,0.07344134860913384,8.500657222776137,0.0,4.875197323201151,8.500657222776137,0,1,1,0,0
327,1,1,0,1,1,5818.0,2160.0,184.0,360.0,1.0,1,7978.0,0.06406506782540876,8.66888370465667,7.6783263565068856,5.220355825078324,8.984568369308281,1,1,0,1,0
328,0,1,0,1,0,4333.0,2451.0,110.0,360.0,1.0,0,6784.0,0.04504061844863732,8.374246182096304,7.804659297056102,4.709530201312334,8.82246957226897,1,0,0,0,1
329,0,0,0,1,0,2500.0,0.0,67.0,360.0,1.0,1,2500.0,0.07444444444444444,7.824445930877619,0.0,4.219507705176107,7.824445930877619,0,0,0,0,1
330,1,0,1,1,0,4384.0,1793.0,117.0,360.0,1.0,1,6177.0,0.052614537801521775,8.385944904806284,7.492203042618741,4.770684624465665,8.728749873478527,1,0,0,0,1
331,1,0,0,1,0,2935.0,0.0,98.0,360.0,1.0,1,2935.0,0.09275033125118304,7.984803389734406,0.0,4.59511985013459,7.984803389734406,0,0,0,1,0
332,1,0,0,1,0,2833.0,0.0,71.0,360.0,1.0,1,2833.0,0.06961603325881477,7.949444420250626,0.0,4.276666119016055,7.949444420250626,0,0,0,0,1
333,1,1,0,1,0,10171.25,0.0,261.5,180.0,1.0,1,10171.25,0.1428317834855871,9.227418703510933,0.0,5.570251082031678,9.227418703510933,0,1,0,0,1
334,1,1,1,1,1,9833.0,1833.0,182.0,180.0,1.0,1,11666.0,0.08667161933062842,9.193601047971885,7.51425465281641,5.209486152841421,9.364519622823858,1,1,0,0,1
335,1,1,0,1,1,5503.0,4490.0,70.0,360.0,1.0,1,9993.0,0.01945806509000745,8.61323037961318,8.409830673087738,4.2626798770413155,9.20974019190415,1,0,0,1,0
336,1,1,1,1,0,5250.0,688.0,160.0,360.0,1.0,1,5938.0,0.07484749822237191,8.566173813637858,6.535241271013659,5.081404364984463,8.68929604801586,1,1,1,0,0
337,1,1,2,1,1,2500.0,4600.0,176.0,360.0,1.0,1,7100.0,0.06885758998435054,7.824445930877619,8.434028950155469,5.176149732573829,8.867990898182093,1,1,1,0,0
338,0,0,3,0,0,1830.0,0.0,128.0,360.0,0.0,0,1830.0,0.19429265330904674,7.5126175446745105,0.0,4.859812404361672,7.5126175446745105,0,0,0,0,1
339,0,0,0,1,0,4160.0,0.0,71.0,360.0,1.0,1,4160.0,0.04740918803418803,8.333510708982942,0.0,4.276666119016055,8.333510708982942,0,0,0,1,0
340,1,1,3,0,0,2647.0,1587.0,173.0,360.0,1.0,0,4234.0,0.11349918647981945,7.881559917056899,7.370230641807081,5.159055299214529,8.351138607086154,1,1,1,0,0
341,0,0,0,1,0,2378.0,0.0,46.0,360.0,1.0,0,2378.0,0.053733295953649195,7.774435510302958,0.0,3.8501476017100584,7.774435510302958,0,0,1,0,0
342,1,1,1,0,0,4554.0,1229.0,158.0,360.0,1.0,1,5783.0,0.07589294291697889,8.423980809694058,7.114769448366463,5.0689042022202315,8.6628507638386,1,1,0,0,1
343,1,1,3,0,0,3173.0,0.0,74.0,360.0,1.0,1,3173.0,0.06478271527121196,8.062747901086354,0.0,4.31748811353631,8.062747901086354,0,0,0,1,0
344,1,1,2,1,0,2583.0,2330.0,125.0,360.0,1.0,1,4913.0,0.07067417509102834,7.857093864902493,7.754052639035757,4.836281906951478,8.499843553081124,1,0,1,0,0
345,1,1,0,1,0,2499.0,2458.0,160.0,360.0,1.0,1,4957.0,0.089659964584314,7.824046010856292,7.807510042216193,5.081404364984463,8.508757712595136,1,1,0,1,0
346,1,1,0,0,0,3523.0,3230.0,152.0,360.0,0.0,0,6753.0,0.06252365203942281,8.16735198705607,8.080546965824498,5.030437921392435,8.817890200945513,1,1,1,0,0
347,1,1,2,0,0,3083.0,2168.0,126.0,360.0,1.0,1,5251.0,0.0666539706722529,8.03398273468322,7.682021510826875,4.844187086458591,8.566364235422688,1,0,0,0,1
348,1,1,0,1,0,6333.0,4583.0,259.0,360.0,1.0,1,10916.0,0.06590733276332397,8.753687227098585,8.430327258394575,5.560681631015528,9.29807648628027,1,1,0,1,0
349,1,1,0,1,0,2625.0,5743.125,187.0,360.0,1.0,1,8368.125,0.06207417365830989,7.873217054862741,8.655932872329714,5.236441962829949,9.032304617994937,1,1,1,0,0
350,1,1,0,1,0,9083.0,0.0,228.0,360.0,1.0,1,9083.0,0.06972732944328232,9.114269903225448,0.0,5.43372200355424,9.114269903225448,0,1,0,1,0
351,1,0,0,1,0,8750.0,4167.0,261.5,360.0,1.0,0,12917.0,0.05623510791119369,9.076923258535832,8.335191583433202,5.570251082031678,9.466376966592419,1,1,1,0,0
352,1,1,3,1,0,2666.0,2083.0,95.0,360.0,1.0,1,4749.0,0.055567253924802884,7.888709524182015,7.642044402873258,4.564348191467836,8.465899897028686,1,0,1,0,0
353,0,1,0,1,1,5500.0,0.0,105.0,360.0,0.0,0,5500.0,0.05303030303030303,8.612685172875459,0.0,4.663439094112067,8.612685172875459,0,0,1,0,0
354,0,1,0,1,0,2423.0,505.0,130.0,360.0,1.0,1,2928.0,0.12333029751062538,7.793174347189205,6.226536669287466,4.875197323201151,7.982416346827733,1,1,0,1,0
355,0,0,0,1,0,3813.0,0.0,116.0,180.0,1.0,1,3813.0,0.16901244281260017,8.246433786160365,0.0,4.762173934797756,8.246433786160365,0,0,0,0,1
356,1,1,2,1,0,8333.0,3167.0,165.0,360.0,1.0,1,11500.0,0.03985507246376811,9.0280988119824,8.060855752934316,5.111987788356544,9.350189267092581,1,1,1,0,0
357,1,1,1,1,0,3875.0,0.0,67.0,360.0,1.0,0,3875.0,0.04802867383512545,8.262558973010657,0.0,4.219507705176107,8.262558973010657,0,0,0,0,1
358,1,1,0,0,0,3000.0,1666.0,100.0,480.0,0.0,0,4666.0,0.04464923560508644,8.006700845440367,7.418780882750794,4.61512051684126,8.448271745949816,1,0,0,0,1
359,1,1,3,1,0,5167.0,3167.0,200.0,360.0,1.0,1,8334.0,0.06666133375996587,8.550241045462437,8.060855752934316,5.303304908059076,9.028218795184895,1,1,0,1,0
360,0,0,1,1,0,4723.0,0.0,81.0,360.0,1.0,0,4723.0,0.047639212365022235,8.460411177317253,0.0,4.406719247264253,8.460411177317253,0,0,0,1,0
361,1,1,2,1,0,5000.0,3667.0,236.0,360.0,1.0,1,8667.0,0.07563811648269939,8.517393171418904,8.207401833376355,5.4680601411351315,9.067393362656249,1,1,0,1,0
362,1,1,0,1,0,4750.0,2333.0,130.0,360.0,1.0,1,7083.0,0.05098279134704378,8.46611040118692,7.755338812846501,4.875197323201151,8.865593998902725,1,1,0,0,1
363,1,1,0,1,0,3013.0,3033.0,95.0,300.0,1.0,1,6046.0,0.052376226706362335,8.01102337918644,8.017637159908478,4.564348191467836,8.707317560273212,1,0,0,0,1
364,1,0,0,1,1,6822.0,0.0,141.0,360.0,1.0,1,6822.0,0.057412293560050814,8.828054536815424,0.0,4.955827057601261,8.828054536815424,0,1,1,0,0
365,1,0,0,0,0,6216.0,0.0,133.0,360.0,1.0,0,6216.0,0.059434434434434434,8.735042754269337,0.0,4.897839799950911,8.735042754269337,0,1,1,0,0
366,1,0,0,1,0,2500.0,0.0,96.0,480.0,1.0,0,2500.0,0.08,7.824445930877619,0.0,4.574710978503383,7.824445930877619,0,0,0,1,0
367,1,0,0,1,0,5124.0,0.0,124.0,360.0,0.0,0,5124.0,0.06722178853326394,8.54188580400661,0.0,4.8283137373023015,8.54188580400661,0,0,1,0,0
368,1,1,1,1,0,6325.0,0.0,175.0,360.0,1.0,1,6325.0,0.07685551163812034,8.752423403865594,0.0,5.170483995038151,8.752423403865594,0,1,0,1,0
369,1,1,0,1,0,10171.25,5266.0,261.5,360.0,1.0,0,15437.25,0.04705429327690417,9.227418703510933,8.569216219483389,5.570251082031678,9.64460347518617,1,1,1,0,0
370,0,0,0,1,1,10171.25,0.0,55.0,360.0,1.0,1,10171.25,0.015020550844564608,9.227418703510933,0.0,4.02535169073515,9.227418703510933,0,0,0,1,0
371,1,1,2,1,0,5185.0,0.0,155.0,360.0,1.0,1,5185.0,0.08303867995285547,8.55371796609861,0.0,5.049856007249537,8.55371796609861,0,1,0,1,0
372,1,1,2,1,1,9323.0,5743.125,261.5,300.0,1.0,1,15066.125,0.05785606230312484,9.140347000155648,8.655932872329714,5.570251082031678,9.620270497043506,1,1,1,0,0
373,1,0,1,1,0,3062.0,1987.0,111.0,180.0,0.0,0,5049.0,0.12213639664620057,8.027150106832774,7.59488438721652,4.718498871295094,8.527143522269405,1,0,0,0,1
374,0,0,0,1,0,2764.0,1459.0,110.0,360.0,1.0,1,4223.0,0.07235509248296366,7.9247959139564355,7.286191714702382,4.709530201312334,8.348537825386098,1,0,0,0,1
375,1,1,0,1,0,4817.0,923.0,120.0,180.0,1.0,1,5740.0,0.11614401858304298,8.480114183174816,6.828712071641684,4.795790545596741,8.655388690167637,1,0,0,0,1
376,1,1,3,1,0,8750.0,4996.0,130.0,360.0,1.0,1,13746.0,0.0262702685225601,9.076923258535832,8.516593011344206,4.875197323201151,9.52857589747142,1,1,1,0,0
377,1,1,0,1,0,4310.0,0.0,130.0,360.0,1.0,1,4310.0,0.08378448053622067,8.368925174747135,0.0,4.875197323201151,8.368925174747135,0,1,0,1,0
378,1,0,0,1,0,3069.0,0.0,71.0,480.0,1.0,0,3069.0,0.048197024003475614,8.029432840581244,0.0,4.276666119016055,8.029432840581244,0,0,0,0,1
379,1,1,2,1,0,5391.0,0.0,130.0,360.0,1.0,1,5391.0,0.06698406809703415,8.592671652592143,0.0,4.875197323201151,8.592671652592143,0,1,0,0,1
380,1,1,0,1,0,3333.0,2500.0,128.0,360.0,1.0,1,5833.0,0.06095586414461779,8.111928063310739,7.824445930877619,4.859812404361672,8.671458150427666,1,0,0,1,0
381,1,0,0,1,0,5941.0,4232.0,261.5,360.0,1.0,1,10173.0,0.07140360649649945,8.689801056022553,8.350666240520924,5.570251082031678,9.22759072538271,1,1,0,1,0
382,0,0,0,1,0,6000.0,0.0,156.0,360.0,1.0,1,6000.0,0.07222222222222222,8.699681400989514,0.0,5.056245805348308,8.699681400989514,0,1,0,0,1
383,1,0,0,1,1,7167.0,0.0,128.0,360.0,1.0,1,7167.0,0.04961009565446568,8.877381954654766,0.0,4.859812404361672,8.877381954654766,0,0,0,0,1
384,1,1,2,1,0,4566.0,0.0,100.0,360.0,1.0,0,4566.0,0.060836131795395924,8.426611813185,0.0,4.61512051684126,8.426611813185,0,0,0,0,1
385,1,0,1,1,0,3667.0,0.0,113.0,180.0,1.0,1,3667.0,0.1711965578886768,8.207401833376355,0.0,4.736198448394496,8.207401833376355,0,0,0,0,1
386,1,0,0,0,0,2346.0,1600.0,132.0,360.0,1.0,1,3946.0,0.09292110153742186,7.760893195851024,7.3783837129967145,4.890349128221754,8.280711075662847,1,1,0,1,0
387,1,1,0,0,0,3010.0,3136.0,128.0,360.0,0.0,0,6146.0,0.0578515384893517,8.010027528481734,8.051022208190679,4.859812404361672,8.72371943690701,1,0,0,0,1
388,1,1,0,1,0,2333.0,2417.0,136.0,360.0,1.0,1,4750.0,0.07953216374269007,7.755338812846501,7.790696031174738,4.919980925828125,8.46611040118692,1,1,0,0,1
389,1,1,0,1,0,5488.0,0.0,125.0,360.0,1.0,1,5488.0,0.06326935536119209,8.610501368549889,0.0,4.836281906951478,8.610501368549889,0,0,1,0,0
390,1,0,3,1,0,9167.0,0.0,185.0,360.0,1.0,1,9167.0,0.05605856756723998,9.12347443895452,0.0,5.225746673713202,9.12347443895452,0,1,1,0,0
391,1,1,3,1,0,9504.0,0.0,261.5,360.0,1.0,1,9504.0,0.07642980733258511,9.15957325492253,0.0,5.570251082031678,9.15957325492253,0,1,1,0,0
392,1,1,0,1,0,2583.0,2115.0,120.0,360.0,1.0,1,4698.0,0.07095217823187172,7.857093864902493,7.65728279297819,4.795790545596741,8.455104999102815,1,0,0,0,1
393,1,1,2,0,0,1993.0,1625.0,113.0,180.0,1.0,1,3618.0,0.17351514034764448,7.597897950521784,7.3938782901077555,4.736198448394496,8.193953023563742,1,0,0,1,0
394,1,1,2,1,0,3100.0,1400.0,113.0,360.0,1.0,1,4500.0,0.06975308641975309,8.03947991910045,7.244941546337007,4.736198448394496,8.412054873292933,1,0,0,0,1
395,1,1,2,1,0,3276.0,484.0,135.0,360.0,1.0,1,3760.0,0.09973404255319149,8.094683648698815,6.184148890937483,4.912654885736052,8.232440158470336,1,1,0,1,0
396,0,0,0,1,0,3180.0,0.0,71.0,360.0,0.0,0,3180.0,0.06201956673654787,8.064950891749143,0.0,4.276666119016055,8.064950891749143,0,0,0,0,1
397,1,1,0,1,0,3033.0,1459.0,95.0,360.0,1.0,1,4492.0,0.05874641337686752,8.017637159908478,7.286191714702382,4.564348191467836,8.41027590907016,1,0,0,0,1
398,1,0,0,0,0,3902.0,1666.0,109.0,360.0,1.0,1,5568.0,0.05437819284802044,8.269500767180615,7.418780882750794,4.700480365792417,8.624970783589669,1,0,1,0,0
399,0,0,0,1,0,1500.0,1800.0,103.0,360.0,0.0,0,3300.0,0.0867003367003367,7.313886831633462,7.496097345175956,4.6443908991413725,8.101980731853192,1,0,0,1,0
400,1,1,2,0,0,2889.0,0.0,45.0,180.0,0.0,0,2889.0,0.08653513326410522,7.969011781106478,0.0,3.828641396489095,7.969011781106478,0,0,0,0,1
401,1,0,0,0,0,2755.0,0.0,65.0,300.0,1.0,0,2755.0,0.07864488808227466,7.9215356321335495,0.0,4.189654742026425,7.9215356321335495,0,0,1,0,0
402,1,0,0,1,0,2500.0,5743.125,103.0,360.0,1.0,1,8243.125,0.034709058895881245,7.824445930877619,8.655932872329714,4.6443908991413725,9.017256104437855,1,0,0,1,0
403,0,0,0,0,0,1963.0,0.0,53.0,360.0,1.0,1,1963.0,0.07499858493235977,7.582738488914411,0.0,3.9889840465642745,7.582738488914411,0,0,0,1,0
404,0,0,0,1,1,7441.0,0.0,194.0,360.0,1.0,0,7441.0,0.07242156818826621,8.914894908906568,0.0,5.272999558563747,8.914894908906568,0,1,1,0,0
405,0,0,0,1,0,4547.0,0.0,115.0,360.0,1.0,1,4547.0,0.07025389145468318,8.422442854870427,0.0,4.7535901911063645,8.422442854870427,0,0,0,1,0
406,1,1,0,0,0,2167.0,2400.0,115.0,360.0,1.0,1,4567.0,0.06994623263508747,7.681560362559537,7.783640596221253,4.7535901911063645,8.426830751335846,1,0,0,0,1
407,0,0,0,0,0,2213.0,0.0,66.0,360.0,1.0,1,2213.0,0.08284380177737612,7.7025561132685825,0.0,4.204692619390966,7.7025561132685825,0,0,1,0,0
408,1,1,1,1,0,8300.0,0.0,152.0,300.0,0.0,0,8300.0,0.06104417670682731,9.024131268455035,0.0,5.030437921392435,9.024131268455035,0,1,0,1,0
409,1,1,3,1,0,10171.25,0.0,261.5,360.0,0.0,0,10171.25,0.07141589174279354,9.227418703510933,0.0,5.570251082031678,9.227418703510933,0,1,1,0,0
410,0,0,1,0,1,3867.0,0.0,62.0,360.0,1.0,0,3867.0,0.044536390541045315,8.260492856573185,0.0,4.143134726391533,8.260492856573185,0,0,0,1,0
411,1,1,0,1,0,6256.0,0.0,160.0,360.0,1.0,1,6256.0,0.07104290991759023,8.741456115998364,0.0,5.081404364984463,8.741456115998364,0,1,0,0,1
412,1,1,0,0,0,6096.0,0.0,218.0,360.0,0.0,0,6096.0,0.09933654126567512,8.715552125907816,0.0,5.389071729816501,8.715552125907816,0,1,1,0,0
413,1,1,0,0,0,2253.0,2033.0,110.0,360.0,1.0,1,4286.0,0.07129154352672785,7.720461694599722,7.617759576608505,4.709530201312334,8.363342466597977,1,0,1,0,0
414,0,1,0,0,0,2149.0,3237.0,178.0,360.0,0.0,0,5386.0,0.09180179065065809,7.673223121121708,8.08271113423758,5.187385805840755,8.591743922680534,1,1,0,1,0
415,0,0,0,1,0,2995.0,0.0,60.0,360.0,1.0,1,2995.0,0.05564830272676683,8.005033344637111,0.0,4.110873864173311,8.005033344637111,0,0,0,0,1
416,0,0,1,1,0,2600.0,0.0,160.0,360.0,1.0,0,2600.0,0.17094017094017094,7.8636512654486515,0.0,5.081404364984463,7.8636512654486515,0,1,0,0,1
417,1,1,2,1,1,1600.0,5743.125,239.0,360.0,1.0,0,7343.125,0.0904095856857794,7.3783837129967145,8.655932872329714,5.480638923341991,8.901655952852643,1,1,0,0,1
418,1,1,0,1,0,1025.0,2773.0,112.0,360.0,1.0,1,3798.0,0.08191445790181967,6.933423025730715,7.928045600874777,4.727387818712341,8.242493153187626,1,0,1,0,0
419,1,1,0,1,0,3246.0,1417.0,138.0,360.0,1.0,1,4663.0,0.08220744870970048,8.085486772102845,7.257002707092073,4.9344739331306915,8.447628728030327,1,1,0,1,0
420,1,1,0,1,0,5829.0,0.0,138.0,360.0,1.0,1,5829.0,0.06576313833133185,8.670772279344538,0.0,4.9344739331306915,8.670772279344538,0,1,1,0,0
421,0,0,0,0,0,2720.0,0.0,80.0,360.0,0.0,0,2720.0,0.08169934640522876,7.908754738783246,0.0,4.394449154672439,7.908754738783246,0,0,0,0,1
422,1,1,0,1,0,1820.0,1719.0,100.0,360.0,1.0,1,3539.0,0.07849047125678943,7.507141079727608,7.450079569807499,4.61512051684126,8.17188200612782,1,0,0,0,1
423,1,1,1,1,0,7250.0,1667.0,110.0,360.0,0.0,0,8917.0,0.03426663177700522,8.888894669371593,7.419380582918692,4.709530201312334,9.095826985187422,1,0,0,0,1
424,1,1,0,1,0,10171.25,0.0,96.0,360.0,1.0,1,10171.25,0.026217688746876407,9.227418703510933,0.0,4.574710978503383,9.227418703510933,0,0,0,1,0
425,1,1,0,1,0,2666.0,4300.0,121.0,360.0,1.0,1,6966.0,0.04825023128210036,7.888709524182015,8.366602832783736,4.804021044733257,8.848939995030118,1,0,1,0,0
426,0,0,1,0,0,4606.0,0.0,81.0,360.0,1.0,0,4606.0,0.048849326964828486,8.435332164935916,0.0,4.406719247264253,8.435332164935916,0,0,1,0,0
427,1,1,2,1,0,5935.0,0.0,133.0,360.0,1.0,1,5935.0,0.06224843208836469,8.688790784847216,0.0,4.897839799950911,8.688790784847216,0,1,0,1,0
428,1,1,0,1,0,2920.0,16.12000084,87.0,360.0,1.0,1,2936.12000084,0.08230817085048561,7.979681302387741,2.8402474197790153,4.477336814478207,7.9851847886683345,1,0,1,0,0
429,1,0,0,0,0,2717.0,0.0,60.0,180.0,1.0,1,2717.0,0.122684333210649,7.907651594711089,0.0,4.110873864173311,7.907651594711089,0,0,0,0,1
430,0,0,1,1,1,8624.0,0.0,150.0,360.0,1.0,1,8624.0,0.0483147804576376,9.062420241899561,0.0,5.017279836814924,9.062420241899561,0,1,0,1,0
431,1,0,0,1,0,6500.0,0.0,105.0,360.0,0.0,0,6500.0,0.04487179487179487,8.77971129020447,0.0,4.663439094112067,8.77971129020447,0,0,1,0,0
432,1,0,0,1,0,10171.25,0.0,261.5,360.0,1.0,1,10171.25,0.07141589174279354,9.227418703510933,0.0,5.570251082031678,9.227418703510933,0,1,0,1,0
433,1,1,0,1,0,2425.0,2340.0,143.0,360.0,1.0,1,4765.0,0.08336248105398159,7.793999089503996,7.75833346749091,4.969813299576001,8.469262657658687,1,1,0,1,0
434,1,0,0,1,0,3750.0,0.0,100.0,360.0,1.0,1,3750.0,0.07407407407407407,8.229777750081887,0.0,4.61512051684126,8.229777750081887,0,0,0,0,1
435,0,1,0,1,0,10047.0,0.0,128.0,240.0,1.0,1,10047.0,0.053083839288676556,9.21512888870798,0.0,4.859812404361672,9.21512888870798,0,0,0,1,0
436,1,0,0,1,0,1926.0,1851.0,50.0,360.0,1.0,1,3777.0,0.03677227664519166,7.563719668414366,7.524021415206125,3.9318256327243257,8.236950048061455,1,0,0,1,0
437,1,1,0,1,0,2213.0,1125.0,128.0,360.0,1.0,1,3338.0,0.10651754210771587,7.7025561132685825,7.026426808699636,4.859812404361672,8.113426639943654,1,0,0,0,1
438,1,0,0,1,1,10171.25,0.0,187.0,360.0,0.0,0,10171.25,0.05106987287151967,9.227418703510933,0.0,5.236441962829949,9.227418703510933,0,1,0,0,1
439,0,1,0,0,1,7142.0,0.0,138.0,360.0,1.0,1,7142.0,0.053673107439559414,8.873888135154973,0.0,4.9344739331306915,8.873888135154973,0,1,1,0,0
440,1,0,0,1,0,3660.0,5064.0,187.0,360.0,1.0,1,8724.0,0.05954200417749249,8.205491613120236,8.530109416682784,5.236441962829949,9.073947747070628,1,1,0,1,0
441,1,1,0,1,0,7901.0,1833.0,180.0,360.0,1.0,1,9734.0,0.051366344770906104,8.974871170971337,7.51425465281641,5.198497031265826,9.1834829178063,1,1,1,0,0
442,1,0,3,0,0,4707.0,1993.0,148.0,360.0,1.0,1,6700.0,0.06135986733001658,8.457018468380168,7.597897950521784,5.003946305945459,8.81001204797317,1,1,0,1,0
443,1,0,1,1,0,10171.25,0.0,152.0,360.0,1.0,1,10171.25,0.041511340515887646,9.227418703510933,0.0,5.030437921392435,9.227418703510933,0,1,0,1,0
444,1,1,0,1,0,7333.0,5743.125,175.0,300.0,1.0,1,13076.125,0.04461056569383769,8.900276348631271,8.655932872329714,5.170483995038151,9.478619799628119,1,1,1,0,0
445,1,1,1,1,1,3466.0,1210.0,130.0,360.0,1.0,1,4676.0,0.07722649938218801,8.151044945685024,7.099201743553092,4.875197323201151,8.450412157725886,1,1,1,0,0
446,1,1,2,0,0,4652.0,0.0,110.0,360.0,1.0,1,4652.0,0.06568262157256138,8.445267451844648,0.0,4.709530201312334,8.445267451844648,0,0,1,0,0
447,1,1,0,1,0,3539.0,1376.0,55.0,360.0,1.0,0,4915.0,0.031083983271165367,8.17188200612782,7.227662498728654,4.02535169073515,8.500250470685925,1,0,1,0,0
448,1,1,2,1,0,3340.0,1710.0,150.0,360.0,0.0,0,5050.0,0.08250825082508251,8.114025442356757,7.444833273892193,5.017279836814924,8.527341522468053,1,1,1,0,0
449,1,0,1,0,1,2769.0,1542.0,190.0,360.0,1.0,0,4311.0,0.1224258357174154,7.926602599181384,7.341483852363161,5.25227342804663,8.369157112588834,1,1,0,1,0
450,1,1,2,0,0,2309.0,1255.0,125.0,360.0,0.0,0,3564.0,0.09742486594338447,7.745002803515839,7.135687347028144,4.836281906951478,8.178919332848396,1,0,1,0,0
451,1,1,2,0,0,1958.0,1456.0,60.0,300.0,1.0,1,3414.0,0.05858230814294083,7.580189417944541,7.284134806195205,4.110873864173311,8.13593277200489,1,0,0,0,1
452,1,1,0,1,0,3948.0,1733.0,149.0,360.0,0.0,0,5681.0,0.07285493555516438,8.28121766128665,7.458186157340487,5.0106352940962555,8.645058562414134,1,1,1,0,0
453,1,1,0,1,0,2483.0,2466.0,90.0,180.0,0.0,1,4949.0,0.10103051121438675,7.81762544305337,7.810758116529357,4.51085950651685,8.507142855562735,1,0,1,0,0
454,1,0,0,1,1,7085.0,0.0,84.0,360.0,1.0,1,7085.0,0.03293342742884027,8.865876285425417,0.0,4.442651256490317,8.865876285425417,0,0,0,1,0
455,1,1,2,1,0,3859.0,0.0,96.0,360.0,1.0,1,3859.0,0.06910253088019348,8.258422462458876,0.0,4.574710978503383,8.258422462458876,0,0,0,1,0
456,1,1,0,1,0,4301.0,0.0,118.0,360.0,1.0,1,4301.0,0.07620966700250588,8.366835309827675,0.0,4.77912349311153,8.366835309827675,0,0,0,0,1
457,1,1,0,1,0,3708.0,2569.0,173.0,360.0,1.0,0,6277.0,0.07655815764785018,8.21851757748959,7.851661177889265,5.159055299214529,8.744806737401898,1,1,0,0,1
458,1,0,2,1,0,4354.0,0.0,136.0,360.0,1.0,1,4354.0,0.08676568162098709,8.379079889286603,0.0,4.919980925828125,8.379079889286603,0,1,1,0,0
459,1,1,0,1,0,8334.0,0.0,160.0,360.0,1.0,0,8334.0,0.05332906700797269,9.028218795184895,0.0,5.081404364984463,9.028218795184895,0,1,0,1,0
460,1,1,0,1,1,2083.0,4083.0,160.0,360.0,1.0,1,6166.0,0.07207986448985476,7.642044402873258,8.314832179284556,5.081404364984463,8.726967774991493,1,1,0,1,0
461,1,1,3,1,0,7740.0,0.0,128.0,180.0,1.0,1,7740.0,0.0918748205569911,8.954286157204713,0.0,4.859812404361672,8.954286157204713,0,0,0,0,1
462,1,1,0,1,0,3015.0,2188.0,153.0,360.0,1.0,1,5203.0,0.08168364405150874,8.011686729127847,7.691200097522863,5.0369526024136295,8.557182839632397,1,1,1,0,0
463,0,0,1,0,0,5191.0,0.0,132.0,360.0,1.0,1,5191.0,0.07063507352469017,8.554874258383926,0.0,4.890349128221754,8.554874258383926,0,1,0,1,0
464,1,0,0,1,0,4166.0,0.0,98.0,360.0,0.0,0,4166.0,0.06534378833946765,8.334951631422454,0.0,4.59511985013459,8.334951631422454,0,0,0,1,0
465,1,0,0,1,0,6000.0,0.0,140.0,360.0,1.0,1,6000.0,0.06481481481481481,8.699681400989514,0.0,4.948759890378168,8.699681400989514,0,1,1,0,0
466,1,1,3,0,0,2947.0,1664.0,70.0,180.0,0.0,0,4611.0,0.08433938167184751,7.988882253309227,7.417580402414544,4.2626798770413155,8.436416881388949,1,0,0,0,1
467,1,1,0,1,0,10171.25,0.0,110.0,360.0,1.0,1,10171.25,0.030041101689129216,9.227418703510933,0.0,4.709530201312334,9.227418703510933,0,0,0,1,0
468,0,1,2,0,0,210.0,2917.0,98.0,360.0,1.0,1,3127.0,0.08705539565789006,5.351858133476067,7.978653729082731,4.59511985013459,8.048149101665201,1,0,0,1,0
469,1,1,0,1,0,4333.0,2451.0,110.0,360.0,1.0,0,6784.0,0.04504061844863732,8.374246182096304,7.804659297056102,4.709530201312334,8.82246957226897,1,0,0,0,1
470,1,1,1,1,1,3450.0,2079.0,162.0,360.0,1.0,1,5529.0,0.08138903960933261,8.146419323098003,7.640123172695364,5.093750200806762,8.61794309451638,1,1,0,1,0
471,1,1,1,0,0,2653.0,1500.0,113.0,180.0,0.0,0,4153.0,0.15116247959975385,7.8838232148921525,7.313886831633462,4.736198448394496,8.331827004436057,1,0,1,0,0
472,1,1,3,1,0,4691.0,0.0,100.0,360.0,1.0,1,4691.0,0.059215045358724745,8.453614209773367,0.0,4.61512051684126,8.453614209773367,0,0,0,1,0
473,0,0,0,1,1,2500.0,0.0,93.0,360.0,1.0,1,2500.0,0.10333333333333333,7.824445930877619,0.0,4.543294782270004,7.824445930877619,0,0,0,0,1
474,1,0,2,1,0,5532.0,4648.0,162.0,360.0,1.0,1,10180.0,0.04420432220039293,8.618485442898109,8.444407421690585,5.093750200806762,9.228278517107196,1,1,1,0,0
475,1,1,2,1,1,10171.25,1014.0,150.0,360.0,1.0,1,11185.25,0.037251439768147036,9.227418703510933,6.922643891475888,5.017279836814924,9.322440624497068,1,1,1,0,0
476,1,1,2,1,0,6700.0,1750.0,230.0,300.0,1.0,1,8450.0,0.09072978303747535,8.81001204797317,7.467942332285852,5.442417710521793,9.042040056544483,1,1,0,1,0
477,1,1,2,1,0,2873.0,1872.0,132.0,360.0,0.0,0,4745.0,0.07727432384966632,7.96346006663897,7.5352967024440884,4.890349128221754,8.465057436995709,1,1,0,1,0
478,1,1,1,1,1,10171.25,2250.0,86.0,360.0,1.0,1,12421.25,0.019232274440083637,9.227418703510933,7.719129840906732,4.465908118654584,9.427244498500373,1,0,0,1,0
479,1,1,2,1,0,2947.0,1603.0,128.0,360.0,1.0,0,4550.0,0.07814407814407814,7.988882253309227,7.38025578842646,4.859812404361672,8.423102268016642,1,0,0,0,1
480,0,0,0,0,0,4350.0,0.0,154.0,360.0,1.0,1,4350.0,0.0983397190293742,8.37816098272068,0.0,5.043425116919247,8.37816098272068,0,1,1,0,0
481,1,1,3,0,0,3095.0,0.0,113.0,360.0,1.0,1,3095.0,0.1014180577993179,8.037866234709618,0.0,4.736198448394496,8.037866234709618,0,0,1,0,0
482,1,1,0,1,0,2083.0,3150.0,128.0,360.0,1.0,1,5233.0,0.06794487971633013,7.642044402873258,8.055475141757274,4.859812404361672,8.562931083090092,1,0,0,1,0
483,1,1,0,1,0,10171.25,0.0,234.0,360.0,1.0,1,10171.25,0.06390561632051124,9.227418703510933,0.0,5.459585514144159,9.227418703510933,0,1,0,1,0
484,1,1,2,1,0,8333.0,0.0,246.0,360.0,1.0,1,8333.0,0.08200328013120525,9.0280988119824,0.0,5.5093883366279774,9.0280988119824,0,1,0,1,0
485,1,1,1,0,0,1958.0,2436.0,131.0,360.0,1.0,1,4394.0,0.082814949678855,7.580189417944541,7.798523053625206,4.882801922586371,8.388222810119277,1,1,1,0,0
486,1,0,2,1,0,3547.0,0.0,80.0,360.0,0.0,0,3547.0,0.06265075337530934,8.17413934342947,0.0,4.394449154672439,8.17413934342947,0,0,1,0,0
487,1,1,1,1,0,10171.25,0.0,261.5,360.0,1.0,0,10171.25,0.07141589174279354,9.227418703510933,0.0,5.570251082031678,9.227418703510933,0,1,0,0,1
488,1,1,2,1,1,4583.0,2083.0,160.0,360.0,1.0,1,6666.0,0.06667333400006667,8.430327258394575,7.642044402873258,5.081404364984463,8.80492526261806,1,1,0,1,0
489,1,0,0,1,0,2435.0,0.0,75.0,360.0,1.0,0,2435.0,0.08555783709787816,7.798112628829788,0.0,4.330733340286331,7.798112628829788,0,0,0,0,1
490,1,0,0,0,0,2699.0,2785.0,96.0,360.0,1.0,1,5484.0,0.04862630683199611,7.90100705199242,7.932362154339751,4.574710978503383,8.609772372709331,1,0,0,1,0
491,1,1,1,0,0,5333.0,1131.0,186.0,360.0,1.0,1,6464.0,0.07992986798679869,8.58185670474196,7.0317412587631285,5.231108616854587,8.774158291205957,1,1,0,0,1
492,1,0,0,0,0,3691.0,0.0,110.0,360.0,1.0,1,3691.0,0.08278394894488095,8.213923595622743,0.0,4.709530201312334,8.213923595622743,0,0,1,0,0
493,0,0,0,0,1,10171.25,0.0,225.0,360.0,1.0,1,10171.25,0.06144770800049158,9.227418703510933,0.0,5.420534999272286,9.227418703510933,0,1,0,1,0
494,1,1,0,1,0,3597.0,2157.0,119.0,360.0,0.0,0,5754.0,0.05744795890781292,8.188133414510478,7.67693714581808,4.787491742782046,8.657824321155983,1,0,1,0,0
495,0,1,1,1,0,3326.0,913.0,105.0,84.0,1.0,1,4239.0,0.2948808681292758,8.109826276018477,6.81783057145415,4.663439094112067,8.352318548226004,1,0,0,1,0
496,1,1,0,0,0,2600.0,1700.0,107.0,360.0,1.0,1,4300.0,0.06912144702842377,7.8636512654486515,7.438971592395862,4.68213122712422,8.366602832783736,1,0,1,0,0
497,1,1,0,1,0,4625.0,2857.0,111.0,12.0,1.0,1,7482.0,1.2363004544239509,8.439447842791385,7.957877358489813,4.718498871295094,8.920389060080359,1,0,0,0,1
498,1,1,1,1,1,2895.0,0.0,95.0,360.0,1.0,1,2895.0,0.0911533294952984,7.971085753505607,0.0,4.564348191467836,7.971085753505607,0,0,0,1,0
499,1,0,0,1,0,6283.0,4416.0,209.0,360.0,0.0,0,10699.0,0.0542625998276059,8.745761999375512,8.393216011596527,5.3471075307174685,9.277999020449997,1,1,1,0,0
500,0,0,0,1,0,645.0,3683.0,113.0,480.0,1.0,1,4328.0,0.05439386937769562,6.470799503782602,8.211754397375197,4.736198448394496,8.37309184744198,1,0,1,0,0
501,0,0,0,1,0,3159.0,0.0,100.0,360.0,1.0,1,3159.0,0.08793218669761879,8.058327306580958,0.0,4.61512051684126,8.058327306580958,0,0,0,1,0
502,1,1,2,1,0,4865.0,5624.0,208.0,360.0,1.0,1,10489.0,0.05508416224404403,8.490027523343468,8.63497622707262,5.342334251964811,9.258177701390343,1,1,0,1,0
503,1,1,1,0,0,4050.0,5302.0,138.0,360.0,1.0,0,9352.0,0.0409894496720844,8.30671904320269,8.57602797713713,4.9344739331306915,9.143452426434552,1,1,1,0,0
504,1,1,0,0,0,3814.0,1483.0,124.0,300.0,1.0,1,5297.0,0.078031590208294,8.246695943718557,7.302496423727326,4.8283137373023015,8.575084669832014,1,0,0,1,0
505,1,1,2,1,0,3510.0,4416.0,243.0,360.0,1.0,1,7926.0,0.08516275548826646,8.163656176168432,8.393216011596527,5.497168225293202,8.978029932837156,1,1,1,0,0
506,1,1,0,1,0,10171.25,5743.125,261.5,360.0,1.0,1,15914.375,0.04564356997298913,9.227418703510933,8.655932872329714,5.570251082031678,9.675040902115319,1,1,0,0,1
507,1,0,0,1,0,3583.0,0.0,96.0,360.0,1.0,0,3583.0,0.07442552795608894,8.18423477409482,0.0,4.574710978503383,8.18423477409482,0,0,0,0,1
508,1,1,0,1,1,2479.0,3013.0,188.0,360.0,1.0,1,5492.0,0.09508780448328882,7.8160138391590275,8.01102337918644,5.241747015059643,8.61122983334262,1,1,0,0,1
509,0,0,1,1,0,10171.25,0.0,40.0,360.0,1.0,1,10171.25,0.01092403697786517,9.227418703510933,0.0,3.713572066704308,9.227418703510933,0,0,0,0,1
510,1,0,0,0,0,3598.0,1287.0,100.0,360.0,1.0,0,4885.0,0.05686341407938133,8.188411308079031,7.160845906664299,4.61512051684126,8.494129251817686,1,0,1,0,0
511,1,1,1,1,0,6065.0,2004.0,250.0,360.0,1.0,1,8069.0,0.08606325993858525,8.710454688248527,7.60339933974067,5.5254529391317835,8.995908761263994,1,1,0,1,0
512,1,1,2,1,0,3283.0,2035.0,148.0,360.0,1.0,1,5318.0,0.07730558689565835,8.096817470572319,7.618742377670413,5.003946305945459,8.579040594742317,1,1,0,0,1
513,1,1,0,1,0,2130.0,5743.125,70.0,180.0,1.0,0,7873.125,0.04939447663905868,7.664346632098617,8.655932872329714,4.2626798770413155,8.971337346409426,1,0,0,1,0
514,1,0,0,1,0,5815.0,3666.0,261.5,360.0,1.0,0,9481.0,0.07661521874157672,8.668368019213355,8.207129168071326,5.570251082031678,9.157150543462064,1,1,1,0,0
515,1,1,3,1,0,3466.0,3428.0,150.0,360.0,1.0,1,6894.0,0.06043902910743642,8.151044945685024,8.14002395246292,5.017279836814924,8.838551790227402,1,1,1,0,0
516,0,1,2,1,0,2031.0,1632.0,113.0,480.0,1.0,1,3663.0,0.06426881426881427,7.616775808698373,7.398174092970465,4.736198448394496,8.20631072579402,1,0,0,1,0
517,1,1,0,0,0,3074.0,1800.0,123.0,360.0,0.0,0,4874.0,0.07009984954178634,8.031060180240619,7.496097345175956,4.820281565605037,8.491875383431948,1,0,0,1,0
518,1,0,0,1,0,4683.0,1915.0,185.0,360.0,1.0,0,6598.0,0.07788555454514837,8.451907724717607,7.557994958530806,5.225746673713202,8.794673401383422,1,1,0,1,0
519,0,0,0,0,0,3400.0,0.0,95.0,360.0,1.0,0,3400.0,0.07761437908496732,8.131824785007195,0.0,4.564348191467836,8.131824785007195,0,0,1,0,0
520,1,1,2,0,0,2192.0,1742.0,45.0,360.0,1.0,1,3934.0,0.03177427554651754,7.693025748417888,7.463363045520021,3.828641396489095,8.277666160851503,1,0,0,1,0
521,1,0,0,1,0,2500.0,0.0,55.0,360.0,1.0,1,2500.0,0.06111111111111111,7.824445930877619,0.0,4.02535169073515,7.824445930877619,0,0,0,1,0
522,1,1,3,1,1,5677.0,1424.0,100.0,360.0,1.0,1,7101.0,0.03911812107840836,8.644354337032917,7.261927092702751,4.61512051684126,8.868131713503033,1,0,1,0,0
523,1,1,2,1,1,7948.0,5743.125,261.5,360.0,1.0,1,13691.125,0.053055456647199475,8.980801413573113,8.655932872329714,5.570251082031678,9.524576129027041,1,1,1,0,0
524,1,0,0,1,0,4680.0,2087.0,128.0,360.0,1.0,0,6767.0,0.05254256768960478,8.45126704130007,7.643961949002529,4.859812404361672,8.81996090128606,1,0,0,1,0
525,1,1,2,1,1,10171.25,0.0,261.5,360.0,1.0,1,10171.25,0.07141589174279354,9.227418703510933,0.0,5.570251082031678,9.227418703510933,0,1,1,0,0
526,1,1,0,1,0,3775.0,0.0,110.0,360.0,1.0,1,3775.0,0.08094186902133922,8.236420527265391,0.0,4.709530201312334,8.236420527265391,0,0,0,1,0
527,1,1,1,0,0,5285.0,1430.0,161.0,360.0,0.0,1,6715.0,0.06660047985438901,8.572817095164234,7.266128779556451,5.087596335232384,8.812248018197431,1,1,0,1,0
528,1,0,1,0,0,2679.0,1302.0,94.0,360.0,1.0,1,3981.0,0.0655893270814145,7.893572073504902,7.172424577124845,4.553876891600541,8.289539484624141,1,0,0,1,0
529,1,0,0,0,0,6783.0,0.0,130.0,360.0,1.0,1,6783.0,0.053237669336740547,8.822322177471738,0.0,4.875197323201151,8.822322177471738,0,1,0,1,0
530,1,1,0,1,0,1025.0,5500.0,216.0,360.0,1.0,1,6525.0,0.09195402298850575,6.933423025730715,8.612685172875459,5.37989735354046,8.783549477153265,1,1,1,0,0
531,1,1,3,1,0,4281.0,0.0,100.0,360.0,1.0,1,4281.0,0.06488618962340055,8.362175469149628,0.0,4.61512051684126,8.362175469149628,0,0,0,0,1
532,1,0,2,1,0,3588.0,0.0,110.0,360.0,0.0,0,3588.0,0.08516041124736777,8.185628891147607,0.0,4.709530201312334,8.185628891147607,0,0,1,0,0
533,1,0,1,1,0,10171.25,0.0,196.0,360.0,1.0,0,10171.25,0.053527781191539336,9.227418703510933,0.0,5.2832037287379885,9.227418703510933,0,1,0,1,0
534,0,0,0,0,1,10171.25,0.0,125.0,360.0,1.0,1,10171.25,0.03413761555582866,9.227418703510933,0.0,4.836281906951478,9.227418703510933,0,0,0,0,1
535,1,0,0,0,0,2550.0,2042.0,126.0,360.0,1.0,1,4592.0,0.07621951219512195,7.844240718141811,7.622174594817622,4.844187086458591,8.432288684325794,1,0,1,0,0
536,1,1,0,1,0,6133.0,3906.0,261.5,360.0,1.0,1,10039.0,0.07235669776759526,8.721602344674197,8.27052509505507,5.570251082031678,9.214332393245721,1,1,0,0,1
537,1,0,2,1,0,3617.0,0.0,107.0,360.0,1.0,1,3617.0,0.08217368598900254,8.193676665955241,0.0,4.68213122712422,8.193676665955241,0,0,0,1,0
538,1,1,0,0,0,2917.0,536.0,66.0,360.0,1.0,0,3453.0,0.05309392798532677,7.978653729082731,6.285998094508865,4.204692619390966,8.147288258706624,1,0,1,0,0
539,1,1,3,1,0,6417.0,0.0,157.0,180.0,1.0,1,6417.0,0.13592367496060812,8.766861821669803,0.0,5.062595033026967,8.766861821669803,0,1,1,0,0
540,0,1,1,1,0,4608.0,2845.0,140.0,180.0,1.0,1,7453.0,0.10435767848890082,8.435766192720509,7.953669778649798,4.948759890378168,8.916506080039204,1,1,0,1,0
541,0,0,0,1,0,2138.0,0.0,99.0,360.0,0.0,0,2138.0,0.12862488306828812,7.668093709082406,0.0,4.605170185988092,7.668093709082406,0,0,0,1,0
542,0,0,1,1,0,3652.0,0.0,95.0,360.0,1.0,1,3652.0,0.07225873189728611,8.203304026795282,0.0,4.564348191467836,8.203304026795282,0,0,0,1,0
543,1,1,1,0,0,2239.0,2524.0,128.0,360.0,1.0,1,4763.0,0.07464949728229174,7.7142311448490855,7.83399634170946,4.859812404361672,8.46884293047519,1,0,0,0,1
544,0,1,0,0,0,3017.0,663.0,102.0,360.0,1.0,1,3680.0,0.0769927536231884,8.012349639327795,6.498282149476434,4.634728988229636,8.210939733379021,1,0,0,1,0
545,1,1,0,1,0,2768.0,1950.0,155.0,360.0,1.0,1,4718.0,0.0912580660355141,7.926241523170962,7.576097340623111,5.049856007249537,8.459352191726387,1,1,1,0,0
546,1,0,0,0,0,3358.0,0.0,80.0,36.0,1.0,0,3358.0,0.661769571835087,8.119398589612294,0.0,4.394449154672439,8.119398589612294,0,0,0,1,0
547,1,0,0,1,0,2526.0,1783.0,145.0,360.0,1.0,1,4309.0,0.09347360821020603,7.834788107388194,7.486613313139955,4.983606621708336,8.368693183097793,1,1,1,0,0
548,0,0,0,1,0,5000.0,0.0,103.0,360.0,0.0,0,5000.0,0.05722222222222222,8.517393171418904,0.0,4.6443908991413725,8.517393171418904,0,0,0,1,0
549,1,1,0,1,0,2785.0,2016.0,110.0,360.0,1.0,1,4801.0,0.06364414820986368,7.932362154339751,7.6093665379542115,4.709530201312334,8.4767877767812,1,0,1,0,0
550,1,1,2,1,1,6633.0,0.0,128.0,360.0,0.0,0,6633.0,0.05360403370353619,8.799963219506997,0.0,4.859812404361672,8.799963219506997,0,0,1,0,0
551,1,1,1,0,0,2492.0,2375.0,128.0,360.0,1.0,1,4867.0,0.0730543570075109,7.821242083523558,7.773173680482536,4.859812404361672,8.490438454107418,1,0,1,0,0
552,1,1,1,1,0,3333.0,3250.0,158.0,360.0,1.0,1,6583.0,0.06667004236501427,8.111928063310739,8.086717920303906,5.0689042022202315,8.792397742356906,1,1,0,0,1
553,1,1,0,0,0,2454.0,2333.0,181.0,360.0,0.0,0,4787.0,0.10502982614952533,7.805882040228621,7.755338812846501,5.204006687076795,8.473868066677865,1,1,0,0,1
554,1,1,0,1,0,3593.0,4266.0,132.0,180.0,0.0,0,7859.0,0.09331127794036562,8.187021067343505,8.358666283188,4.890349128221754,8.969541885423252,1,1,1,0,0
555,1,1,1,1,0,5468.0,1032.0,26.0,360.0,1.0,1,6500.0,0.011111111111111112,8.606851063346772,6.940222469119639,3.295836866004329,8.77971129020447,1,0,0,1,0
556,0,0,0,1,0,2667.0,1625.0,84.0,360.0,1.0,1,4292.0,0.05436470953712333,7.889084407035514,7.3938782901077555,4.442651256490317,8.36474106822456,1,0,0,0,1
557,1,1,3,1,1,10139.0,0.0,260.0,360.0,1.0,1,10139.0,0.07123209608661824,9.224243277145174,0.0,5.564520407322694,9.224243277145174,0,1,0,1,0
558,1,1,0,1,0,3887.0,2669.0,162.0,360.0,1.0,1,6556.0,0.06863941427699817,8.265650165580329,7.8898337513942955,5.093750200806762,8.788288460263619,1,1,0,1,0
559,0,1,0,1,0,4180.0,2306.0,182.0,360.0,1.0,1,6486.0,0.07794566073937027,8.338305731356565,7.7437032581737535,5.209486152841421,8.777555453213056,1,1,0,1,0
560,1,1,2,0,0,3675.0,242.0,108.0,360.0,1.0,1,3917.0,0.07658922644881287,8.209580483475577,5.493061443340548,4.6913478822291435,8.273336598504486,1,0,0,1,0
561,0,1,1,1,1,10171.25,0.0,261.5,360.0,1.0,1,10171.25,0.07141589174279354,9.227418703510933,0.0,5.570251082031678,9.227418703510933,0,1,0,1,0
562,1,1,0,1,0,5923.0,2054.0,211.0,360.0,1.0,1,7977.0,0.07347512988731492,8.68676717538769,7.628031126930335,5.356586274672012,8.984443032465352,1,1,1,0,0
563,1,0,0,0,1,5800.0,0.0,132.0,360.0,1.0,1,5800.0,0.06321839080459771,8.665785595466064,0.0,4.890349128221754,8.665785595466064,0,1,0,1,0
564,1,1,2,1,0,8799.0,0.0,258.0,360.0,0.0,0,8799.0,0.08144864946774255,9.082507000466299,0.0,5.556828061699537,9.082507000466299,0,1,0,0,1
565,1,1,0,0,0,4467.0,0.0,120.0,360.0,1.0,1,4467.0,0.07462129691814044,8.404696160189092,0.0,4.795790545596741,8.404696160189092,0,0,1,0,0
566,1,0,0,1,0,3333.0,0.0,70.0,360.0,1.0,1,3333.0,0.05833916725005834,8.111928063310739,0.0,4.2626798770413155,8.111928063310739,0,0,0,0,1
567,1,1,3,1,0,3400.0,2500.0,123.0,360.0,0.0,0,5900.0,0.05790960451977401,8.131824785007195,7.824445930877619,4.820281565605037,8.682877107057168,1,0,1,0,0
568,0,0,0,1,0,2378.0,0.0,9.0,360.0,1.0,0,2378.0,0.010513036164844407,7.774435510302958,0.0,2.302585092994046,7.774435510302958,0,0,0,0,1
569,1,1,0,1,0,3166.0,2064.0,104.0,360.0,0.0,0,5230.0,0.05523688124070533,8.06054004653864,7.632885505395133,4.653960350157523,8.562357743370612,1,0,0,0,1
570,1,1,1,1,0,3417.0,1750.0,186.0,360.0,1.0,1,5167.0,0.09999354880330301,8.136810863675537,7.467942332285852,5.231108616854587,8.550241045462437,1,1,0,0,1
571,1,1,0,1,0,5116.0,1451.0,165.0,360.0,0.0,0,6567.0,0.06979341150195421,8.540323608805092,7.280697195384741,5.111987788356544,8.789964651132264,1,1,0,0,1
572,1,1,2,1,0,10171.25,0.0,261.5,360.0,1.0,1,10171.25,0.07141589174279354,9.227418703510933,0.0,5.570251082031678,9.227418703510933,0,1,0,0,1
573,1,1,2,0,0,6125.0,1625.0,187.0,480.0,1.0,0,7750.0,0.050268817204301076,8.72029728739272,7.3938782901077555,5.236441962829949,8.955577146281511,1,1,0,1,0
574,1,1,3,1,0,6406.0,0.0,150.0,360.0,1.0,0,6406.0,0.06504318867728172,8.765146421639022,0.0,5.017279836814924,8.765146421639022,0,1,0,1,0
575,1,1,2,1,0,3159.0,461.0,108.0,84.0,1.0,1,3620.0,0.35516969218626676,8.058327306580958,6.135564891081739,4.6913478822291435,8.19450550976564,1,0,0,0,1
576,1,1,0,1,0,3087.0,2210.0,136.0,360.0,0.0,0,5297.0,0.07131919535166656,8.035278911144667,7.701200180857446,4.919980925828125,8.575084669832014,1,1,0,1,0
577,1,0,0,1,0,3229.0,2739.0,110.0,360.0,1.0,1,5968.0,0.051198987190944296,8.080237416216702,7.9157131993821155,4.709530201312334,8.69433468816865,1,0,0,0,1
578,1,1,1,1,0,1782.0,2232.0,107.0,360.0,1.0,1,4014.0,0.07404639317942756,7.48605261786314,7.711101251840158,4.68213122712422,8.297792626380861,1,0,1,0,0
579,1,0,0,1,0,3182.0,2917.0,161.0,360.0,1.0,1,6099.0,0.07332713923958391,8.065579427282092,7.978653729082731,5.087596335232384,8.716044050161402,1,1,0,0,1
580,1,1,2,1,0,6540.0,0.0,205.0,360.0,1.0,1,6540.0,0.08707101597009854,8.785845337961213,0.0,5.327876168789581,8.785845337961213,0,1,0,1,0
581,1,0,0,1,0,1836.0,5743.125,90.0,360.0,1.0,0,7579.125,0.032985338017251335,7.515889085215125,8.655932872329714,4.51085950651685,8.933284969265618,1,0,0,0,1
582,0,1,0,1,0,3166.0,0.0,36.0,360.0,1.0,1,3166.0,0.03158559696778269,8.06054004653864,0.0,3.6109179126442243,8.06054004653864,0,0,0,1,0
583,1,1,1,1,0,1880.0,0.0,61.0,360.0,1.0,0,1880.0,0.09013002364066194,7.53955882930103,0.0,4.127134385045092,7.53955882930103,0,0,1,0,0
584,1,1,1,1,0,2787.0,1917.0,146.0,360.0,0.0,0,4704.0,0.08621504157218443,7.933079771880415,7.559038255443384,4.990432586778736,8.45638105201948,1,1,1,0,0
585,1,1,1,1,0,4283.0,3000.0,172.0,84.0,1.0,0,7283.0,0.2811504939748795,8.36264243156764,8.006700845440367,5.153291594497779,8.8934354408475,1,1,1,0,0
586,1,1,0,1,0,2297.0,1522.0,104.0,360.0,1.0,1,3819.0,0.07564516598295075,7.739794458408701,7.328437352895162,4.653960350157523,8.24800570160062,1,0,0,0,1
587,0,0,0,0,0,2165.0,0.0,70.0,360.0,1.0,1,2165.0,0.08981267641775725,7.680637427560936,0.0,4.2626798770413155,7.680637427560936,0,0,0,1,0
588,1,0,0,1,0,4750.0,0.0,94.0,360.0,1.0,1,4750.0,0.05497076023391813,8.46611040118692,0.0,4.553876891600541,8.46611040118692,0,0,0,1,0
589,1,1,2,1,1,2726.0,0.0,106.0,360.0,0.0,0,2726.0,0.10801336920192386,7.910957382845589,0.0,4.672828834461906,7.910957382845589,0,0,0,1,0
590,1,1,0,1,0,3000.0,3416.0,56.0,180.0,1.0,1,6416.0,0.048489886395123305,8.006700845440367,8.136518252115291,4.04305126783455,8.766705997750515,1,0,0,1,0
591,1,1,2,1,1,6000.0,0.0,205.0,240.0,1.0,0,6000.0,0.1423611111111111,8.699681400989514,0.0,5.327876168789581,8.699681400989514,0,1,0,1,0
592,1,0,3,1,1,9357.0,0.0,261.5,360.0,1.0,1,9357.0,0.07763053210311947,9.143986871426161,0.0,5.570251082031678,9.143986871426161,0,1,0,1,0
593,1,1,0,1,0,3859.0,3300.0,142.0,180.0,1.0,1,7159.0,0.11019540283403952,8.258422462458876,8.101980731853192,4.962844630259907,8.87626525995469,1,1,1,0,0
594,1,1,0,1,1,10171.25,0.0,260.0,360.0,1.0,1,10171.25,0.0710062403561236,9.227418703510933,0.0,5.564520407322694,9.227418703510933,0,1,0,0,1
595,1,0,0,0,0,3833.0,0.0,110.0,360.0,1.0,1,3833.0,0.07971707684726208,8.251663923605589,0.0,4.709530201312334,8.251663923605589,0,0,1,0,0
596,1,1,2,0,1,6383.0,1000.0,187.0,360.0,1.0,0,7383.0,0.07035682574081599,8.761550139129644,6.90875477931522,5.236441962829949,8.907070776182689,1,1,1,0,0
597,1,0,0,1,0,2987.0,0.0,88.0,360.0,0.0,0,2987.0,0.08183610460142098,8.002359546252707,0.0,4.48863636973214,8.002359546252707,0,0,0,1,0
598,1,1,0,1,1,9963.0,0.0,180.0,360.0,1.0,1,9963.0,0.05018568704205561,9.20673387638207,0.0,5.198497031265826,9.20673387638207,0,1,1,0,0
599,1,1,2,1,0,5780.0,0.0,192.0,360.0,1.0,1,5780.0,0.0922722029988466,8.662331957082475,0.0,5.262690188904886,8.662331957082475,0,1,0,0,1
600,0,0,3,1,0,416.0,5743.125,261.5,180.0,1.0,0,6159.125,0.23587405317764742,6.0330862217988015,8.655932872329714,5.570251082031678,8.725852348529473,1,1,0,0,1
601,1,1,0,0,0,2894.0,2792.0,155.0,360.0,1.0,1,5686.0,0.07572204635166295,7.970740390007095,7.934871565945177,5.049856007249537,8.645938147306799,1,1,1,0,0
602,1,1,3,1,0,5703.0,0.0,128.0,360.0,1.0,1,5703.0,0.06234535429695871,8.648922962094131,0.0,4.859812404361672,8.648922962094131,0,0,0,0,1
603,1,0,0,1,0,3676.0,4301.0,172.0,360.0,1.0,1,7977.0,0.05989441867591548,8.209852481301272,8.366835309827675,5.153291594497779,8.984443032465352,1,1,1,0,0
604,0,1,1,1,0,10171.25,0.0,261.5,360.0,1.0,1,10171.25,0.07141589174279354,9.227418703510933,0.0,5.570251082031678,9.227418703510933,0,1,0,1,0
605,1,1,0,0,0,2400.0,3800.0,128.0,180.0,1.0,0,6200.0,0.11469534050179211,7.783640596221253,8.24301946898925,4.859812404361672,8.732465848349879,1,0,0,0,1
606,1,1,1,1,0,3400.0,2500.0,173.0,360.0,1.0,1,5900.0,0.08145009416195857,8.131824785007195,7.824445930877619,5.159055299214529,8.682877107057168,1,1,0,1,0
607,1,1,2,0,0,3987.0,1411.0,157.0,360.0,1.0,1,5398.0,0.08079123955374419,8.291045131081729,7.252762418053187,5.062595033026967,8.593969030218288,1,1,1,0,0
608,1,1,0,1,0,3232.0,1950.0,108.0,360.0,1.0,1,5182.0,0.057892705519104595,8.081165777725433,7.576097340623111,4.6913478822291435,8.553139318189707,1,0,1,0,0
609,0,0,0,1,0,2900.0,0.0,71.0,360.0,1.0,1,2900.0,0.06800766283524905,7.972810784121404,0.0,4.276666119016055,7.972810784121404,0,0,1,0,0
610,1,1,3,1,0,4106.0,0.0,40.0,180.0,1.0,1,4106.0,0.0541213400443795,8.320448113956559,0.0,3.713572066704308,8.320448113956559,0,0,1,0,0
611,1,1,1,1,0,8072.0,240.0,253.0,360.0,1.0,1,8312.0,0.08454978077210994,8.996280439395015,5.484796933490655,5.537334267018537,9.025575833531088,1,1,0,0,1
612,1,1,2,1,0,7583.0,0.0,187.0,360.0,1.0,1,7583.0,0.06850117953902736,8.933796043934858,0.0,5.236441962829949,8.933796043934858,0,1,0,0,1
613,0,0,0,1,1,4583.0,0.0,133.0,360.0,0.0,0,4583.0,0.08061192329139089,8.430327258394575,0.0,4.897839799950911,8.430327258394575,0,1,0,1,0
